complaint_id,complaint_text,category,latitude,longitude,locality,timestamp,status
PRM-1320,Water overflowing onto arterial road from damaged broken roadside valve opposite the community park. flooding the main thoroughfare. Please fix immediately.,Water Leakage,12.977099,77.603355,Area A,2026-08-10 15:09:30,Open
PRM-1171,Faulty street lamp pole opposite the community park is completely unlit for several days. Residents have been suffering for days.,Streetlight,12.923614,77.555758,Area G,2026-08-10 16:31:54,Open
PRM-1217,Clean drinking water wastage: damaged fire hydrant pipe burst adjacent to the bus stop and is creating heavy mud and waterlogging. Action required before a major accident occurs.,Water Leakage,13.00093,77.56899,Area E,2026-08-10 16:36:50,Pending Verification
PRM-1271,Motorists facing hazard due to cluster of sharp potholes on inner lane. Residents have been suffering for days.,Pothole,12.940196,77.617736,Area B,2026-08-10 16:41:10,Open
PRM-1482,Filthy wastewater flooding bus route due to blocked sewage drain near the metro pillar. inundating the entire lane.,Sewage,12.939469,77.627565,Area B,2026-08-10 17:12:18,Open
PRM-1474,Traffic safety threat: unmarked construction barrier adjacent to the bus stop causing massive gridlock and safety hazard.,Traffic Hazard,12.930656,77.629148,Area B,2026-08-10 17:37:03,Open
PRM-1045,High risk of collision: blind turn blocked by unauthorized parked trucks adjacent to the bus stop along inner lane. Please clear the road.,Traffic Hazard,12.961243,77.703425,Area F,2026-08-10 20:31:06,Open
PRM-1387,Traffic safety threat: unmarked construction barrier opposite the community park causing massive gridlock and safety hazard.,Traffic Hazard,12.982232,77.607201,Area C,2026-08-10 20:57:45,In Progress
PRM-1537,Open stagnant sewer runoff adjacent to the bus stop is extreme risk of dengue and waterborne diseases. Please deploy sewage suction vehicle immediately.,Sewage,13.028161,77.542306,Area H,2026-08-10 22:35:04,Open
PRM-1218,Huge construction and demolition debris has piled up near the metro pillar. It is blocking pedestrian footpath. Request the municipal team to address this today.,Garbage,12.917531,77.652131,Area D,2026-08-10 22:40:53,Open
PRM-1314,Report of dangerous surface depression opposite the community park. It is danger to school buses. Please inspect road quality.,Pothole,12.910564,77.646076,Area D,2026-08-10 22:58:32,In Progress
PRM-1396,"Sanitation failure: scattered plastic debris dumped along arterial road beside the public library, blocking pedestrian footpath.",Garbage,13.003523,77.564471,Area E,2026-08-10 23:07:47,In Progress
PRM-1783,Large construction and demolition debris has piled up near the metro pillar. It is blocking pedestrian footpath. Request the municipal team to address this today.,Garbage,12.917766,77.652812,Area D,2026-08-10 23:42:53,Open
PRM-1635,"Severe drainage issue: stagnant sewer runoff near the metro pillar, entering ground floor residential compounds. Action required before a major accident occurs.",Sewage,13.022148,77.54035,Area H,2026-08-10 23:52:20,In Progress
PRM-1390,Public health concern: uncollected commercial garbage near the metro pillar is attracting stray dogs and pests. Kindly arrange garbage truck.,Garbage,12.94337,77.618449,Area B,2026-08-11 01:00:29,Open
PRM-1490,"Severe overhead connection pipe leakage adjacent to the bus stop, creating heavy mud and waterlogging. Action required before a major accident occurs.",Water Leakage,12.957821,77.696356,Area F,2026-08-11 01:27:56,In Progress
PRM-1619,Dangerous road condition: large cave-in observed near the metro pillar along the highway junction. It is severe accident risk for daily commuters.,Pothole,12.922928,77.553554,Area G,2026-08-11 02:21:21,In Progress
PRM-1343,Clean drinking water wastage: municipal supply pipeline burst adjacent to the bus stop and is creating heavy mud and waterlogging. Residents have been suffering for days.,Water Leakage,12.92469,77.559596,Area G,2026-08-11 02:54:08,Pending Verification
PRM-1578,Commuter alert: broken road divider jutting onto carriageway reported on highway junction opposite the community park. Request the municipal team to address this today.,Traffic Hazard,12.939389,77.625241,Area B,2026-08-11 02:59:21,Pending Verification
PRM-1624,Unattended uncollected commercial garbage beside the public library. Not cleared for multiple days and is blocking pedestrian footpath. Request the municipal team to address this today.,Garbage,13.030979,77.549293,Area H,2026-08-11 03:46:46,Open
PRM-1109,Unattended scattered plastic debris close to the primary school. Not cleared for multiple days and is posing health hazards to residents. Please fix immediately.,Garbage,12.928775,77.556067,Area G,2026-08-11 04:53:45,In Progress
PRM-1094,Commuter alert: unmarked construction barrier reported on arterial road beside the public library. Request the municipal team to address this today.,Traffic Hazard,12.963155,77.704482,Area F,2026-08-11 10:58:04,Open
PRM-1583,"Illumination needed on inner lane near the government clinic. Lamps are dim and non-functional, pitch darkness increasing burglary risk.",Streetlight,13.028853,77.542903,Area H,2026-08-11 15:37:27,Open
PRM-1518,Faulty street lamp pole adjacent to the bus stop is completely unlit for several days. Kindly resolve on urgent priority.,Streetlight,12.961693,77.707235,Area F,2026-08-11 16:10:32,Resolved
PRM-1298,Urgent repair needed: broken roadside valve leaking heavily near the government clinic. causing low pressure in neighborhood homes.,Water Leakage,13.022536,77.54594,Area H,2026-08-11 16:14:08,Pending Verification
PRM-1398,Clean drinking water wastage: underground drinking water line burst adjacent to the bus stop and is creating heavy mud and waterlogging. Please fix immediately.,Water Leakage,12.924014,77.550737,Area G,2026-08-11 16:21:53,Open
PRM-1445,"The streetlight at the 3rd cross junction has been completely unlit for several days, pitch darkness increasing burglary risk. Request the municipal team to address this today.",Streetlight,12.917183,77.642517,Area D,2026-08-11 16:31:39,Open
PRM-1004,Traffic safety threat: blind turn blocked by unauthorized parked trucks beside the public library causing massive gridlock and safety hazard.,Traffic Hazard,12.950477,77.698082,Area F,2026-08-11 17:18:05,In Progress
PRM-1194,Report of deep crater opposite the community park. It is heavy vehicle damage. Please inspect road quality.,Pothole,12.972403,77.591893,Area A,2026-08-11 17:18:10,Resolved
PRM-1305,"Manhole backing up: blocked sewage drain on cross road at the 3rd cross junction, extreme risk of dengue and waterborne diseases. Request the municipal team to address this today.",Sewage,12.925233,77.553453,Area G,2026-08-11 17:57:34,Open
PRM-1363,No lighting on residential street: Streetlights are flickering constantly near the metro pillar. pitch darkness increasing burglary risk.,Streetlight,13.028077,77.54088,Area H,2026-08-11 18:01:33,Resolved
PRM-1464,Clean drinking water wastage: broken roadside valve burst close to the primary school and is wasting thousands of liters of clean water. Residents have been suffering for days.,Water Leakage,12.958058,77.705714,Area F,2026-08-11 18:22:09,Pending Verification
PRM-1041,Motorists facing hazard due to dangerous surface depression on inner lane. Action required before a major accident occurs.,Pothole,12.927829,77.559552,Area G,2026-08-11 19:13:29,Resolved
PRM-1215,Dangerous road condition: cluster of sharp potholes observed beside the public library along the main road. It is severe accident risk for daily commuters.,Pothole,12.971997,77.594112,Area A,2026-08-11 19:58:09,Open
PRM-1531,Dark street safety concern: Streetlight adjacent to the bus stop is damaged pole after storm. severe visibility issues for drivers. Residents have been suffering for days.,Streetlight,12.986734,77.597502,Area C,2026-08-11 20:45:19,Pending Verification
PRM-1367,Sanitary emergency with blocked sewage drain at the 3rd cross junction. entering ground floor residential compounds. Residents have been suffering for days.,Sewage,12.967829,77.590383,Area A,2026-08-11 22:20:34,Open
PRM-1447,Faulty street lamp pole at the 3rd cross junction is broken bulb and hanging wires. Residents have been suffering for days.,Streetlight,13.03066,77.54623,Area H,2026-08-11 23:18:13,Open
PRM-1029,Clean drinking water wastage: damaged fire hydrant pipe burst opposite the community park and is flooding the main thoroughfare. Request the municipal team to address this today.,Water Leakage,12.974974,77.59944,Area C,2026-08-11 23:22:46,Open
PRM-1090,Faulty street lamp pole at the 3rd cross junction is damaged pole after storm. Kindly resolve on urgent priority.,Streetlight,12.938759,77.628907,Area B,2026-08-12 01:13:24,Resolved
PRM-1214,Filthy wastewater flooding residential street due to overflowing manhole opposite the community park. entering ground floor residential compounds.,Sewage,12.930418,77.624616,Area B,2026-08-12 03:10:23,Resolved
PRM-1357,"Severe underground drinking water line leakage opposite the community park, wasting thousands of liters of clean water. Request the municipal team to address this today.",Water Leakage,12.940026,77.627836,Area B,2026-08-12 04:11:55,Open
PRM-1638,Public health concern: construction and demolition debris behind the grocery supermarket is posing health hazards to residents. Kindly arrange garbage truck.,Garbage,12.945187,77.632294,Area B,2026-08-12 04:20:57,Pending Verification
PRM-1290,Deep crater formed on residential street adjacent to the bus stop. heavy vehicle damage. Residents have been suffering for days.,Pothole,12.946791,77.702978,Area F,2026-08-12 04:38:03,Open
PRM-1308,Water overflowing onto residential street from damaged damaged fire hydrant pipe near the government clinic. weakening road foundation. Residents have been suffering for days.,Water Leakage,12.920575,77.557034,Area G,2026-08-12 06:20:06,Open
PRM-1400,Continuous leak from municipal supply pipeline on arterial road close to the primary school. It is causing low pressure in neighborhood homes.,Water Leakage,12.938386,77.623884,Area B,2026-08-12 06:40:34,Resolved
PRM-1084,"The streetlight near the government clinic has been dim and non-functional, severe visibility issues for drivers. Residents have been suffering for days.",Streetlight,12.926444,77.625036,Area B,2026-08-12 14:38:09,Open
PRM-1480,A deep crater on residential street near the metro pillar is danger to school buses. Please fix immediately.,Pothole,12.972883,77.589973,Area A,2026-08-12 15:16:02,Open
PRM-1486,Deep crater formed on service lane close to the primary school. severe accident risk for daily commuters. Please fix immediately.,Pothole,12.919475,77.558425,Area G,2026-08-12 16:25:44,Open
PRM-1413,Sanitary emergency with stagnant sewer runoff close to the primary school. extreme risk of dengue and waterborne diseases. Kindly resolve on urgent priority.,Sewage,12.922209,77.561289,Area G,2026-08-12 17:08:56,Open
PRM-1110,Noticeable scattered plastic debris left open on bus route. attracting stray dogs and pests. Please fix immediately.,Garbage,13.027611,77.54103,Area H,2026-08-12 17:53:09,Open
PRM-1129,Traffic safety threat: defective non-functional traffic signal close to the primary school causing massive gridlock and safety hazard.,Traffic Hazard,12.924443,77.557689,Area G,2026-08-12 20:30:29,Open
PRM-1620,No lighting on highway junction: Streetlights are flickering constantly close to the primary school. pitch darkness increasing burglary risk.,Streetlight,12.958287,77.706154,Area F,2026-08-12 21:12:03,Open
PRM-1579,A deep crater on market lane opposite the community park is causing two-wheelers to skid. Please fix immediately.,Pothole,12.953082,77.700637,Area F,2026-08-12 23:28:48,Open
PRM-1345,Obstacle on roadway: unmarked construction barrier near the government clinic. Residents have been suffering for days.,Traffic Hazard,12.926236,77.553712,Area G,2026-08-12 23:33:48,Open
PRM-1117,Sanitary emergency with overflowing manhole at the 3rd cross junction. extreme risk of dengue and waterborne diseases. Please fix immediately.,Sewage,13.005336,77.558384,Area E,2026-08-12 23:52:11,In Progress
PRM-1168,Public health concern: rotten vegetable and food waste near the metro pillar is choking rainwater roadside gutters. Kindly arrange garbage truck.,Garbage,12.972462,77.598929,Area A,2026-08-12 23:59:39,Open
PRM-1457,Clean drinking water wastage: damaged fire hydrant pipe burst opposite the community park and is flooding the main thoroughfare. Request the municipal team to address this today.,Water Leakage,12.958315,77.705563,Area F,2026-08-13 00:13:08,Resolved
PRM-1044,"Severe drainage issue: overflowing manhole opposite the community park, extreme risk of dengue and waterborne diseases. Residents have been suffering for days.",Sewage,12.919852,77.560032,Area G,2026-08-13 00:40:15,In Progress
PRM-1075,Urgent repair needed: overhead connection pipe leaking heavily at the 3rd cross junction. wasting thousands of liters of clean water.,Water Leakage,12.957503,77.696762,Area F,2026-08-13 01:14:55,Open
PRM-1441,Deep crater formed on highway junction opposite the community park. heavy vehicle damage. Kindly resolve on urgent priority.,Pothole,13.022183,77.536012,Area H,2026-08-13 02:07:31,Resolved
PRM-1415,Sanitary emergency with overflowing manhole opposite the community park. entering ground floor residential compounds. Action required before a major accident occurs.,Sewage,12.929406,77.549801,Area G,2026-08-13 03:03:00,Open
PRM-1340,No lighting on highway junction: Streetlights are flickering constantly near the government clinic. pitch darkness increasing burglary risk.,Streetlight,12.939608,77.627872,Area B,2026-08-13 04:24:19,In Progress
PRM-1154,"Severe drainage issue: stagnant sewer runoff near the metro pillar, entering ground floor residential compounds. Action required before a major accident occurs.",Sewage,12.938729,77.625532,Area B,2026-08-13 07:59:57,Resolved
PRM-1176,Commuter alert: fallen tree branches blocking lanes reported on residential street opposite the community park. Kindly resolve on urgent priority.,Traffic Hazard,12.984773,77.601517,Area C,2026-08-13 08:19:28,Open
PRM-1551,Noticeable construction and demolition debris left open on inner lane. emitting intolerable foul odor. Please fix immediately.,Garbage,13.001567,77.552844,Area E,2026-08-13 14:23:16,Open
PRM-1133,Commuter alert: blind turn blocked by unauthorized parked trucks reported on arterial road at the 3rd cross junction. Please fix immediately.,Traffic Hazard,13.027886,77.5414,Area H,2026-08-13 15:16:46,Open
PRM-1563,Clean drinking water wastage: overhead connection pipe burst close to the primary school and is flooding the main thoroughfare. Action required before a major accident occurs.,Water Leakage,12.924811,77.558172,Area G,2026-08-13 16:09:11,Open
PRM-1541,"Manhole backing up: overflowing manhole on residential street at the 3rd cross junction, extreme risk of dengue and waterborne diseases. Action required before a major accident occurs.",Sewage,12.972869,77.591198,Area A,2026-08-13 17:35:14,Resolved
PRM-1246,Open stagnant sewer runoff near the government clinic is inundating the entire lane. Please deploy sewage suction vehicle immediately.,Sewage,12.939783,77.622162,Area B,2026-08-13 18:34:56,Open
PRM-1227,"Illumination needed on highway junction near the metro pillar. Lamps are damaged pole after storm, unsafe for evening pedestrians.",Streetlight,12.928284,77.553132,Area G,2026-08-13 19:26:12,In Progress
PRM-1011,Open broken underground drainage pipe near the metro pillar is spreading foul stench throughout the locality. Please deploy sewage suction vehicle immediately.,Sewage,12.967834,77.591902,Area A,2026-08-13 19:53:51,Open
PRM-1388,Obstacle on roadway: hanging overhead cable across traffic close to the primary school. Request the municipal team to address this today.,Traffic Hazard,12.984594,77.602986,Area C,2026-08-13 20:23:05,Open
PRM-1083,"Illumination needed on residential street adjacent to the bus stop. Lamps are completely unlit for several days, unsafe for evening pedestrians.",Streetlight,13.028841,77.536174,Area H,2026-08-13 21:39:02,Resolved
PRM-1559,High risk of collision: hanging overhead cable across traffic beside the public library along highway junction. Please clear the road.,Traffic Hazard,13.031827,77.546097,Area H,2026-08-13 23:39:26,Open
PRM-1008,Public health concern: rotten vegetable and food waste beside the public library is posing health hazards to residents. Kindly arrange garbage truck.,Garbage,13.029045,77.541572,Area H,2026-08-13 23:50:43,In Progress
PRM-1085,Sanitary emergency with blocked sewage drain beside the public library. inundating the entire lane. Request the municipal team to address this today.,Sewage,12.998074,77.566064,Area E,2026-08-14 00:54:41,Open
PRM-1605,Dark street safety concern: Streetlight beside the public library is flickering constantly. unsafe for evening pedestrians. Residents have been suffering for days.,Streetlight,13.026901,77.541162,Area H,2026-08-14 00:58:29,Open
PRM-1027,Traffic safety threat: unmarked construction barrier adjacent to the bus stop causing massive gridlock and safety hazard.,Traffic Hazard,12.911358,77.651599,Area D,2026-08-14 03:54:30,Resolved
PRM-1381,Commuter alert: defective non-functional traffic signal reported on highway junction behind the grocery supermarket. Kindly resolve on urgent priority.,Traffic Hazard,13.004791,77.566607,Area E,2026-08-14 11:39:39,Open
PRM-1123,Public health concern: rotten vegetable and food waste at the 3rd cross junction is blocking pedestrian footpath. Kindly arrange garbage truck.,Garbage,12.986293,77.600409,Area C,2026-08-14 16:08:15,In Progress
PRM-1222,Noticeable overflowing open dumpster left open on main road. emitting intolerable foul odor. Action required before a major accident occurs.,Garbage,13.026876,77.543831,Area H,2026-08-14 16:43:19,Resolved
PRM-1161,A uneven broken tarmac on market lane at the 3rd cross junction is severe accident risk for daily commuters. Please fix immediately.,Pothole,12.929902,77.555173,Area G,2026-08-14 17:13:21,Open
PRM-1013,"Illumination needed on bus route behind the grocery supermarket. Lamps are flickering constantly, making the street unsafe for women at night.",Streetlight,12.951531,77.702831,Area F,2026-08-14 17:21:01,Open
PRM-1207,"Illumination needed on residential street near the metro pillar. Lamps are flickering constantly, pitch darkness increasing burglary risk.",Streetlight,12.959384,77.700204,Area F,2026-08-14 18:05:15,Resolved
PRM-1380,"Severe broken roadside valve leakage beside the public library, creating heavy mud and waterlogging. Request the municipal team to address this today.",Water Leakage,12.92608,77.621064,Area B,2026-08-14 18:56:09,Resolved
PRM-1102,High risk of collision: hanging overhead cable across traffic opposite the community park along cross road. Please clear the road.,Traffic Hazard,12.982355,77.60958,Area C,2026-08-14 19:41:44,Open
PRM-1347,A massive pothole on cross road near the metro pillar is heavy vehicle damage. Request the municipal team to address this today.,Pothole,12.988208,77.604437,Area C,2026-08-14 20:00:14,Open
PRM-1488,Filthy wastewater flooding main road due to overflowing manhole opposite the community park. inundating the entire lane.,Sewage,13.005947,77.56802,Area E,2026-08-14 21:14:40,In Progress
PRM-1304,Severe road obstruction: defective non-functional traffic signal on service lane near the metro pillar. Residents have been suffering for days.,Traffic Hazard,12.939515,77.617867,Area B,2026-08-14 22:16:46,Open
PRM-1569,Urgent repair needed: broken roadside valve leaking heavily at the 3rd cross junction. creating heavy mud and waterlogging.,Water Leakage,12.933578,77.625753,Area B,2026-08-14 22:17:56,Open
PRM-1330,Sanitary emergency with blocked sewage drain at the 3rd cross junction. inundating the entire lane. Request the municipal team to address this today.,Sewage,12.997963,77.568487,Area E,2026-08-14 22:27:30,Pending Verification
PRM-1576,Water overflowing onto main road from damaged broken roadside valve behind the grocery supermarket. creating heavy mud and waterlogging. Please fix immediately.,Water Leakage,12.927184,77.552809,Area G,2026-08-14 22:31:23,In Progress
PRM-1557,Clean drinking water wastage: overhead connection pipe burst behind the grocery supermarket and is wasting thousands of liters of clean water. Kindly resolve on urgent priority.,Water Leakage,12.996248,77.565125,Area E,2026-08-14 23:03:59,Open
PRM-1284,Obstacle on roadway: hanging overhead cable across traffic opposite the community park. Action required before a major accident occurs.,Traffic Hazard,12.999803,77.556189,Area E,2026-08-15 00:11:32,In Progress
PRM-1012,Dark street safety concern: Streetlight beside the public library is dim and non-functional. pitch darkness increasing burglary risk. Kindly resolve on urgent priority.,Streetlight,12.940087,77.62382,Area B,2026-08-15 00:35:10,Resolved
PRM-1300,Huge pile of household waste has piled up adjacent to the bus stop. It is blocking pedestrian footpath. Residents have been suffering for days.,Garbage,12.909834,77.642554,Area D,2026-08-15 00:36:54,In Progress
PRM-1205,Dangerous road condition: uneven broken tarmac observed opposite the community park along the cross road. It is causing two-wheelers to skid.,Pothole,12.932001,77.632108,Area B,2026-08-15 01:48:55,In Progress
PRM-1521,Faulty street lamp pole adjacent to the bus stop is broken bulb and hanging wires. Request the municipal team to address this today.,Streetlight,13.00562,77.568342,Area E,2026-08-15 03:31:02,Resolved
PRM-1599,Dark street safety concern: Streetlight behind the grocery supermarket is broken bulb and hanging wires. unsafe for evening pedestrians. Request the municipal team to address this today.,Streetlight,12.967894,77.59832,Area A,2026-08-15 04:00:31,Resolved
PRM-1264,Filthy wastewater flooding cross road due to blocked sewage drain beside the public library. entering ground floor residential compounds.,Sewage,12.950427,77.703467,Area F,2026-08-15 07:31:22,Resolved
PRM-1100,Open blocked sewage drain close to the primary school is inundating the entire lane. Please deploy sewage suction vehicle immediately.,Sewage,12.910125,77.648694,Area D,2026-08-15 14:06:51,Pending Verification
PRM-1310,No lighting on cross road: Streetlights are damaged pole after storm close to the primary school. making the street unsafe for women at night.,Streetlight,12.969412,77.594575,Area A,2026-08-15 14:41:17,In Progress
PRM-1238,Motorists facing hazard due to large cave-in on market lane. Request the municipal team to address this today.,Pothole,12.930636,77.631515,Area B,2026-08-15 14:57:05,In Progress
PRM-1529,No lighting on bus route: Streetlights are dim and non-functional beside the public library. making the street unsafe for women at night.,Streetlight,12.939005,77.62199,Area B,2026-08-15 15:57:19,In Progress
PRM-1460,A massive pothole on residential street beside the public library is traffic slowdown during peak hours. Residents have been suffering for days.,Pothole,12.936195,77.626177,Area B,2026-08-15 16:13:33,Open
PRM-1535,Faulty street lamp pole near the metro pillar is dim and non-functional. Request the municipal team to address this today.,Streetlight,12.984171,77.605137,Area C,2026-08-15 16:44:28,Open
PRM-1618,Deep crater formed on market lane at the 3rd cross junction. heavy vehicle damage. Kindly resolve on urgent priority.,Pothole,12.982634,77.60738,Area C,2026-08-15 17:02:15,In Progress
PRM-1056,Huge construction and demolition debris has piled up near the government clinic. It is choking rainwater roadside gutters. Residents have been suffering for days.,Garbage,12.927044,77.558085,Area G,2026-08-15 17:09:04,Pending Verification
PRM-1038,Motorists facing hazard due to deep crater on bus route. Request the municipal team to address this today.,Pothole,12.987294,77.608192,Area C,2026-08-15 17:26:26,Resolved
PRM-1477,Continuous leak from overhead connection pipe on bus route opposite the community park. It is wasting thousands of liters of clean water.,Water Leakage,13.020332,77.545632,Area H,2026-08-15 17:32:14,Open
PRM-1443,"Sanitation failure: pile of household waste dumped along service lane beside the public library, posing health hazards to residents.",Garbage,12.926793,77.559546,Area G,2026-08-15 17:37:02,Open
PRM-1198,High risk of collision: defective non-functional traffic signal close to the primary school along market lane. Please clear the road.,Traffic Hazard,12.984359,77.602964,Area C,2026-08-15 18:15:48,Open
PRM-1515,Water overflowing onto market lane from damaged damaged fire hydrant pipe behind the grocery supermarket. creating heavy mud and waterlogging. Action required before a major accident occurs.,Water Leakage,12.908529,77.646612,Area D,2026-08-15 18:16:15,Open
PRM-1543,Noticeable construction and demolition debris left open on market lane. blocking pedestrian footpath. Kindly resolve on urgent priority.,Garbage,12.941258,77.618119,Area B,2026-08-15 18:28:48,Open
PRM-1131,Dark street safety concern: Streetlight close to the primary school is dim and non-functional. unsafe for evening pedestrians. Request the municipal team to address this today.,Streetlight,12.924987,77.564209,Area G,2026-08-15 18:36:46,In Progress
PRM-1472,"Manhole backing up: blocked sewage drain on service lane near the government clinic, inundating the entire lane. Request the municipal team to address this today.",Sewage,13.029129,77.54789,Area H,2026-08-15 18:40:53,Pending Verification
PRM-1470,Dark street safety concern: Streetlight beside the public library is completely unlit for several days. unsafe for evening pedestrians. Please fix immediately.,Streetlight,12.987764,77.600361,Area C,2026-08-15 18:55:33,In Progress
PRM-1265,Huge rotten vegetable and food waste has piled up near the government clinic. It is emitting intolerable foul odor. Residents have been suffering for days.,Garbage,12.911567,77.639287,Area D,2026-08-15 19:41:50,In Progress
PRM-1252,Continuous leak from overhead connection pipe on highway junction behind the grocery supermarket. It is weakening road foundation.,Water Leakage,12.934336,77.628359,Area B,2026-08-15 22:13:54,Open
PRM-1481,Unattended construction and demolition debris close to the primary school. Not cleared for multiple days and is choking rainwater roadside gutters. Residents have been suffering for days.,Garbage,12.984534,77.604144,Area C,2026-08-16 01:17:37,Open
PRM-1526,"Sanitation failure: uncollected commercial garbage dumped along service lane near the government clinic, blocking pedestrian footpath.",Garbage,12.931527,77.560358,Area G,2026-08-16 01:18:41,Pending Verification
PRM-1545,Traffic safety threat: blind turn blocked by unauthorized parked trucks beside the public library causing massive gridlock and safety hazard.,Traffic Hazard,12.921111,77.560743,Area G,2026-08-16 01:26:50,Resolved
PRM-1026,High risk of collision: blind turn blocked by unauthorized parked trucks close to the primary school along main road. Please clear the road.,Traffic Hazard,12.987626,77.603678,Area C,2026-08-16 02:11:56,Resolved
PRM-1337,Water overflowing onto arterial road from damaged underground drinking water line opposite the community park. causing low pressure in neighborhood homes. Please fix immediately.,Water Leakage,13.026486,77.539252,Area H,2026-08-16 02:21:26,Open
PRM-1389,Huge construction and demolition debris has piled up near the government clinic. It is posing health hazards to residents. Action required before a major accident occurs.,Garbage,12.950618,77.698651,Area F,2026-08-16 03:11:49,Open
PRM-1126,Deep crater formed on residential street opposite the community park. danger to school buses. Action required before a major accident occurs.,Pothole,12.931816,77.624113,Area B,2026-08-16 04:14:22,Open
PRM-1312,Sanitary emergency with blocked sewage drain near the government clinic. inundating the entire lane. Please fix immediately.,Sewage,12.973344,77.593172,Area A,2026-08-16 04:33:25,In Progress
PRM-1197,Deep crater formed on residential street opposite the community park. causing two-wheelers to skid. Kindly resolve on urgent priority.,Pothole,12.950719,77.699914,Area F,2026-08-16 06:18:18,Pending Verification
PRM-1136,Open black toxic wastewater backup adjacent to the bus stop is inundating the entire lane. Please deploy sewage suction vehicle immediately.,Sewage,12.982406,77.609864,Area C,2026-08-16 06:47:53,Resolved
PRM-1260,"Illumination needed on market lane close to the primary school. Lamps are flickering constantly, making the street unsafe for women at night.",Streetlight,12.996383,77.568702,Area E,2026-08-16 07:21:26,In Progress
PRM-1572,Commuter alert: hanging overhead cable across traffic reported on inner lane behind the grocery supermarket. Please fix immediately.,Traffic Hazard,12.974325,77.597317,Area A,2026-08-16 09:47:01,In Progress
PRM-1534,"Sanitation failure: overflowing open dumpster dumped along highway junction beside the public library, emitting intolerable foul odor.",Garbage,12.937686,77.61885,Area B,2026-08-16 11:30:41,Open
PRM-1115,"Illumination needed on arterial road adjacent to the bus stop. Lamps are completely unlit for several days, pitch darkness increasing burglary risk.",Streetlight,12.971277,77.595753,Area A,2026-08-16 13:59:19,Open
PRM-1050,Continuous leak from broken roadside valve on highway junction behind the grocery supermarket. It is weakening road foundation.,Water Leakage,13.003282,77.566528,Area E,2026-08-16 15:34:48,Pending Verification
PRM-1582,Severe road obstruction: unmarked construction barrier on highway junction close to the primary school. Residents have been suffering for days.,Traffic Hazard,12.96818,77.595615,Area A,2026-08-16 15:38:45,Open
PRM-1148,Filthy wastewater flooding main road due to blocked sewage drain near the government clinic. inundating the entire lane.,Sewage,12.961088,77.704085,Area F,2026-08-16 16:20:59,Resolved
PRM-1226,Dark street safety concern: Streetlight close to the primary school is dim and non-functional. pitch darkness increasing burglary risk. Please fix immediately.,Streetlight,13.033961,77.542017,Area H,2026-08-16 17:11:17,In Progress
PRM-1048,Obstacle on roadway: blind turn blocked by unauthorized parked trucks adjacent to the bus stop. Request the municipal team to address this today.,Traffic Hazard,12.99877,77.562844,Area E,2026-08-16 17:26:31,Resolved
PRM-1501,"Manhole backing up: overflowing manhole on market lane beside the public library, entering ground floor residential compounds. Request the municipal team to address this today.",Sewage,12.91047,77.645695,Area D,2026-08-16 17:52:19,Open
PRM-1429,Commuter alert: fallen tree branches blocking lanes reported on bus route near the metro pillar. Please fix immediately.,Traffic Hazard,12.911575,77.639294,Area D,2026-08-16 18:44:11,Open
PRM-1483,Filthy wastewater flooding bus route due to overflowing manhole behind the grocery supermarket. extreme risk of dengue and waterborne diseases.,Sewage,12.975652,77.608724,Area C,2026-08-16 19:24:27,Open
PRM-1294,"Illumination needed on bus route near the metro pillar. Lamps are flickering constantly, pitch darkness increasing burglary risk.",Streetlight,13.036229,77.543227,Area H,2026-08-16 21:06:10,Resolved
PRM-1606,"Severe drainage issue: broken underground drainage pipe close to the primary school, extreme risk of dengue and waterborne diseases. Action required before a major accident occurs.",Sewage,12.916412,77.558503,Area G,2026-08-16 22:25:44,In Progress
PRM-1188,"The streetlight adjacent to the bus stop has been broken bulb and hanging wires, unsafe for evening pedestrians. Residents have been suffering for days.",Streetlight,13.028464,77.54495,Area H,2026-08-16 23:27:25,Open
PRM-1553,Filthy wastewater flooding arterial road due to overflowing manhole beside the public library. spreading foul stench throughout the locality.,Sewage,12.915906,77.647561,Area D,2026-08-17 01:29:06,Open
PRM-1438,High risk of collision: defective non-functional traffic signal opposite the community park along arterial road. Please clear the road.,Traffic Hazard,13.027798,77.538713,Area H,2026-08-17 01:37:15,Open
PRM-1253,Obstacle on roadway: blind turn blocked by unauthorized parked trucks near the government clinic. Request the municipal team to address this today.,Traffic Hazard,12.969497,77.594945,Area A,2026-08-17 02:14:16,Resolved
PRM-1280,High risk of collision: blind turn blocked by unauthorized parked trucks at the 3rd cross junction along highway junction. Please clear the road.,Traffic Hazard,12.929201,77.559622,Area G,2026-08-17 04:25:13,Open
PRM-1156,"Manhole backing up: stagnant sewer runoff on bus route beside the public library, entering ground floor residential compounds. Residents have been suffering for days.",Sewage,12.918552,77.555037,Area G,2026-08-17 08:01:19,Open
PRM-1250,"Severe drainage issue: black toxic wastewater backup behind the grocery supermarket, inundating the entire lane. Action required before a major accident occurs.",Sewage,12.975362,77.601841,Area A,2026-08-17 14:02:29,In Progress
PRM-1244,"The streetlight behind the grocery supermarket has been dim and non-functional, severe visibility issues for drivers. Kindly resolve on urgent priority.",Streetlight,12.987297,77.604239,Area C,2026-08-17 16:02:27,Open
PRM-1104,Huge rotten vegetable and food waste has piled up near the metro pillar. It is attracting stray dogs and pests. Action required before a major accident occurs.,Garbage,12.960369,77.699509,Area F,2026-08-17 16:04:18,In Progress
PRM-1242,"The streetlight at the 3rd cross junction has been broken bulb and hanging wires, pitch darkness increasing burglary risk. Residents have been suffering for days.",Streetlight,12.971227,77.599059,Area A,2026-08-17 17:03:09,In Progress
PRM-1602,Public health concern: pile of household waste at the 3rd cross junction is attracting stray dogs and pests. Kindly arrange garbage truck.,Garbage,12.938553,77.622412,Area B,2026-08-17 18:33:04,Open
PRM-1279,Clean drinking water wastage: municipal supply pipeline burst at the 3rd cross junction and is flooding the main thoroughfare. Please fix immediately.,Water Leakage,13.033091,77.545333,Area H,2026-08-17 19:53:40,In Progress
PRM-1195,Continuous leak from broken roadside valve on residential street near the metro pillar. It is causing low pressure in neighborhood homes.,Water Leakage,12.971871,77.590292,Area A,2026-08-17 20:47:53,Resolved
PRM-1550,Commuter alert: hanging overhead cable across traffic reported on cross road near the metro pillar. Please fix immediately.,Traffic Hazard,12.980051,77.60436,Area C,2026-08-17 21:19:33,In Progress
PRM-1152,Deep crater formed on market lane opposite the community park. danger to school buses. Kindly resolve on urgent priority.,Pothole,12.975703,77.586998,Area A,2026-08-17 22:10:20,In Progress
PRM-1383,No lighting on service lane: Streetlights are dim and non-functional close to the primary school. unsafe for evening pedestrians.,Streetlight,12.980342,77.590176,Area A,2026-08-18 00:12:48,In Progress
PRM-1088,"Severe broken roadside valve leakage at the 3rd cross junction, weakening road foundation. Please fix immediately.",Water Leakage,13.000168,77.568718,Area E,2026-08-18 00:14:54,Open
PRM-1332,Faulty street lamp pole adjacent to the bus stop is dim and non-functional. Kindly resolve on urgent priority.,Streetlight,12.952871,77.704508,Area F,2026-08-18 00:23:23,Pending Verification
PRM-1001,Obstacle on roadway: fallen tree branches blocking lanes beside the public library. Please fix immediately.,Traffic Hazard,12.938369,77.625002,Area B,2026-08-18 01:43:47,Open
PRM-1479,Severe road obstruction: blind turn blocked by unauthorized parked trucks on service lane near the metro pillar. Request the municipal team to address this today.,Traffic Hazard,12.983699,77.601828,Area C,2026-08-18 06:27:44,Open
PRM-1684,Filthy wastewater flooding main road due to broken underground drainage pipe at the 3rd cross junction. spreading foul stench throughout the locality.,Sewage,12.986612,77.606635,Area C,2026-08-18 08:58:57,Open
PRM-1657,Sanitary emergency with broken underground drainage pipe close to the primary school. extreme risk of dengue and waterborne diseases. Please fix immediately.,Sewage,12.982947,77.605707,Area C,2026-08-18 10:49:05,Resolved
PRM-1612,"The streetlight behind the grocery supermarket has been flickering constantly, making the street unsafe for women at night. Please fix immediately.",Streetlight,12.915595,77.642924,Area D,2026-08-18 15:26:01,Resolved
PRM-1666,"Severe drainage issue: stagnant sewer runoff near the government clinic, spreading foul stench throughout the locality. Residents have been suffering for days.",Sewage,12.987392,77.604525,Area C,2026-08-18 15:33:36,Open
PRM-1669,"Manhole backing up: blocked sewage drain on residential street near the metro pillar, inundating the entire lane. Action required before a major accident occurs.",Sewage,12.983552,77.604876,Area C,2026-08-18 17:05:54,In Progress
PRM-1661,Sanitary emergency with blocked sewage drain at the 3rd cross junction. inundating the entire lane. Action required before a major accident occurs.,Sewage,12.986076,77.603632,Area C,2026-08-18 17:39:46,Open
PRM-1681,"Manhole backing up: overflowing manhole on main road at the 3rd cross junction, entering ground floor residential compounds. Kindly resolve on urgent priority.",Sewage,12.983506,77.602763,Area C,2026-08-18 18:04:15,Open
PRM-1687,"Severe drainage issue: black toxic wastewater backup beside the public library, entering ground floor residential compounds. Please fix immediately.",Sewage,12.987155,77.602217,Area C,2026-08-18 18:42:29,Resolved
PRM-1208,Water overflowing onto service lane from damaged broken roadside valve near the metro pillar. flooding the main thoroughfare. Action required before a major accident occurs.,Water Leakage,12.973098,77.587652,Area A,2026-08-18 19:15:31,Open
PRM-1650,"Severe drainage issue: blocked sewage drain at the 3rd cross junction, spreading foul stench throughout the locality. Request the municipal team to address this today.",Sewage,12.988749,77.604591,Area C,2026-08-18 20:06:43,Open
PRM-1652,"Manhole backing up: black toxic wastewater backup on service lane adjacent to the bus stop, inundating the entire lane. Request the municipal team to address this today.",Sewage,12.983906,77.608184,Area C,2026-08-18 20:25:08,Open
PRM-1069,Dangerous road condition: uneven broken tarmac observed close to the primary school along the cross road. It is traffic slowdown during peak hours.,Pothole,13.000625,77.567797,Area E,2026-08-18 20:43:50,In Progress
PRM-1654,"Manhole backing up: blocked sewage drain on arterial road near the government clinic, spreading foul stench throughout the locality. Residents have been suffering for days.",Sewage,12.98487,77.600556,Area C,2026-08-18 21:02:20,Open
PRM-1419,Sanitary emergency with broken underground drainage pipe near the metro pillar. inundating the entire lane. Please fix immediately.,Sewage,12.964763,77.590956,Area A,2026-08-18 21:26:59,Resolved
PRM-1617,"Severe drainage issue: stagnant sewer runoff near the government clinic, entering ground floor residential compounds. Kindly resolve on urgent priority.",Sewage,13.023771,77.544755,Area H,2026-08-18 23:00:14,In Progress
PRM-1677,Open broken underground drainage pipe near the metro pillar is inundating the entire lane. Please deploy sewage suction vehicle immediately.,Sewage,12.984756,77.601766,Area C,2026-08-18 23:39:26,Open
PRM-1649,Filthy wastewater flooding main road due to overflowing manhole at the 3rd cross junction. entering ground floor residential compounds.,Sewage,12.984643,77.606352,Area C,2026-08-18 23:42:20,Open
PRM-1581,"The streetlight beside the public library has been broken bulb and hanging wires, making the street unsafe for women at night. Request the municipal team to address this today.",Streetlight,12.930405,77.559983,Area G,2026-08-18 23:42:39,Open
PRM-1643,"Manhole backing up: overflowing manhole on cross road near the government clinic, extreme risk of dengue and waterborne diseases. Kindly resolve on urgent priority.",Sewage,12.985847,77.603081,Area C,2026-08-18 23:45:39,Open
PRM-1674,Sanitary emergency with broken underground drainage pipe adjacent to the bus stop. entering ground floor residential compounds. Kindly resolve on urgent priority.,Sewage,12.983779,77.601022,Area C,2026-08-19 01:35:03,Open
PRM-1596,Motorists facing hazard due to cluster of sharp potholes on highway junction. Residents have been suffering for days.,Pothole,12.909087,77.649786,Area D,2026-08-19 01:49:43,Resolved
PRM-1081,Sanitary emergency with blocked sewage drain near the government clinic. extreme risk of dengue and waterborne diseases. Kindly resolve on urgent priority.,Sewage,12.905827,77.640816,Area D,2026-08-19 01:50:57,Resolved
PRM-1287,Motorists facing hazard due to dangerous surface depression on main road. Request the municipal team to address this today.,Pothole,12.911855,77.639471,Area D,2026-08-19 01:51:44,Pending Verification
PRM-1071,Urgent repair needed: damaged fire hydrant pipe leaking heavily behind the grocery supermarket. causing low pressure in neighborhood homes.,Water Leakage,13.000599,77.561279,Area E,2026-08-19 02:12:24,In Progress
PRM-1647,Filthy wastewater flooding bus route due to blocked sewage drain beside the public library. extreme risk of dengue and waterborne diseases.,Sewage,12.982627,77.606936,Area C,2026-08-19 04:22:43,In Progress
PRM-1276,No lighting on bus route: Streetlights are flickering constantly beside the public library. making the street unsafe for women at night.,Streetlight,12.989148,77.607109,Area C,2026-08-19 05:03:32,In Progress
PRM-1678,"Severe drainage issue: stagnant sewer runoff at the 3rd cross junction, extreme risk of dengue and waterborne diseases. Kindly resolve on urgent priority.",Sewage,12.987775,77.605103,Area C,2026-08-19 05:28:52,Open
PRM-1567,Public health concern: rotten vegetable and food waste near the metro pillar is blocking pedestrian footpath. Kindly arrange garbage truck.,Garbage,12.95365,77.70039,Area F,2026-08-19 05:58:35,In Progress
PRM-1682,"Severe drainage issue: black toxic wastewater backup behind the grocery supermarket, spreading foul stench throughout the locality. Request the municipal team to address this today.",Sewage,12.986745,77.606946,Area C,2026-08-19 07:50:50,Open
PRM-1665,Open overflowing manhole behind the grocery supermarket is spreading foul stench throughout the locality. Please deploy sewage suction vehicle immediately.,Sewage,12.983489,77.603169,Area C,2026-08-19 08:00:47,Open
PRM-1675,"Severe drainage issue: blocked sewage drain adjacent to the bus stop, extreme risk of dengue and waterborne diseases. Request the municipal team to address this today.",Sewage,12.984103,77.605992,Area C,2026-08-19 09:26:13,Pending Verification
PRM-1680,Open black toxic wastewater backup close to the primary school is spreading foul stench throughout the locality. Please deploy sewage suction vehicle immediately.,Sewage,12.984998,77.60782,Area C,2026-08-19 10:57:01,Pending Verification
PRM-1058,Public health concern: overflowing open dumpster adjacent to the bus stop is choking rainwater roadside gutters. Kindly arrange garbage truck.,Garbage,12.977575,77.594584,Area A,2026-08-19 12:48:11,Open
PRM-1671,Open blocked sewage drain opposite the community park is spreading foul stench throughout the locality. Please deploy sewage suction vehicle immediately.,Sewage,12.988807,77.600274,Area C,2026-08-19 13:16:08,Open
PRM-1651,Filthy wastewater flooding arterial road due to overflowing manhole behind the grocery supermarket. entering ground floor residential compounds.,Sewage,12.982738,77.60478,Area C,2026-08-19 15:14:06,Open
PRM-1513,Noticeable uncollected commercial garbage left open on service lane. posing health hazards to residents. Residents have been suffering for days.,Garbage,12.968159,77.597066,Area A,2026-08-19 15:23:10,Resolved
PRM-1147,Motorists facing hazard due to large cave-in on highway junction. Residents have been suffering for days.,Pothole,12.958317,77.70478,Area F,2026-08-19 16:47:21,Resolved
PRM-1568,Unattended overflowing open dumpster near the government clinic. Not cleared for multiple days and is choking rainwater roadside gutters. Please fix immediately.,Garbage,12.979993,77.597934,Area A,2026-08-19 17:43:24,In Progress
PRM-1653,Sanitary emergency with broken underground drainage pipe near the metro pillar. inundating the entire lane. Residents have been suffering for days.,Sewage,12.985757,77.605711,Area C,2026-08-19 19:13:25,Open
PRM-1149,"Severe overhead connection pipe leakage near the government clinic, weakening road foundation. Kindly resolve on urgent priority.",Water Leakage,12.998767,77.561916,Area E,2026-08-19 19:15:03,Pending Verification
PRM-1076,A uneven broken tarmac on highway junction adjacent to the bus stop is danger to school buses. Please fix immediately.,Pothole,13.02349,77.545789,Area H,2026-08-19 19:40:23,Open
PRM-1658,Open overflowing manhole close to the primary school is entering ground floor residential compounds. Please deploy sewage suction vehicle immediately.,Sewage,12.991821,77.606525,Area C,2026-08-19 20:26:33,Open
PRM-1432,Commuter alert: unmarked construction barrier reported on residential street close to the primary school. Please fix immediately.,Traffic Hazard,12.929377,77.617571,Area B,2026-08-19 20:57:42,Resolved
PRM-1052,Huge pile of household waste has piled up adjacent to the bus stop. It is posing health hazards to residents. Please fix immediately.,Garbage,13.028502,77.541278,Area H,2026-08-19 21:21:11,In Progress
PRM-1795,Commuter alert: unmarked construction barrier reported on residential street close to the primary school. Kindly take swift action.,Traffic Hazard,12.929018,77.617709,Area B,2026-08-19 21:22:42,Resolved
PRM-1679,Filthy wastewater flooding arterial road due to overflowing manhole opposite the community park. entering ground floor residential compounds.,Sewage,12.983496,77.605699,Area C,2026-08-19 22:05:41,In Progress
PRM-1673,"Severe drainage issue: blocked sewage drain near the metro pillar, spreading foul stench throughout the locality. Residents have been suffering for days.",Sewage,12.98351,77.601551,Area C,2026-08-19 22:20:00,In Progress
PRM-1395,Traffic safety threat: broken road divider jutting onto carriageway adjacent to the bus stop causing massive gridlock and safety hazard.,Traffic Hazard,12.99634,77.567934,Area E,2026-08-19 22:39:22,Resolved
PRM-1655,"Manhole backing up: broken underground drainage pipe on main road beside the public library, inundating the entire lane. Residents have been suffering for days.",Sewage,12.983877,77.600151,Area C,2026-08-19 22:42:02,Open
PRM-1660,Filthy wastewater flooding service lane due to overflowing manhole near the metro pillar. entering ground floor residential compounds.,Sewage,12.98732,77.604796,Area C,2026-08-19 22:45:03,Open
PRM-1548,High risk of collision: hanging overhead cable across traffic behind the grocery supermarket along market lane. Please clear the road.,Traffic Hazard,12.956424,77.700728,Area F,2026-08-19 22:58:09,Resolved
PRM-1667,Sanitary emergency with black toxic wastewater backup near the metro pillar. inundating the entire lane. Kindly resolve on urgent priority.,Sewage,12.983466,77.600234,Area C,2026-08-19 23:42:39,Open
PRM-1672,"Manhole backing up: blocked sewage drain on main road beside the public library, inundating the entire lane. Residents have been suffering for days.",Sewage,12.988858,77.606455,Area C,2026-08-19 23:53:58,Open
PRM-1495,Dark street safety concern: Streetlight beside the public library is dim and non-functional. making the street unsafe for women at night. Action required before a major accident occurs.,Streetlight,12.917065,77.55263,Area G,2026-08-20 00:37:01,Resolved
PRM-1397,Obstacle on roadway: fallen tree branches blocking lanes at the 3rd cross junction. Please fix immediately.,Traffic Hazard,12.914774,77.64479,Area D,2026-08-20 01:19:19,In Progress
PRM-1522,Unattended rotten vegetable and food waste near the metro pillar. Not cleared for multiple days and is attracting stray dogs and pests. Residents have been suffering for days.,Garbage,12.933618,77.626688,Area B,2026-08-20 02:47:32,Open
PRM-1229,Huge overflowing open dumpster has piled up beside the public library. It is attracting stray dogs and pests. Action required before a major accident occurs.,Garbage,12.98973,77.608443,Area C,2026-08-20 02:58:47,Open
PRM-1664,"Severe drainage issue: overflowing manhole opposite the community park, inundating the entire lane. Residents have been suffering for days.",Sewage,12.984476,77.605232,Area C,2026-08-20 03:27:34,Open
PRM-1005,Water overflowing onto cross road from damaged overhead connection pipe behind the grocery supermarket. creating heavy mud and waterlogging. Kindly resolve on urgent priority.,Water Leakage,12.98312,77.606997,Area C,2026-08-20 04:41:04,Open
PRM-1021,Filthy wastewater flooding inner lane due to stagnant sewer runoff near the government clinic. extreme risk of dengue and waterborne diseases.,Sewage,12.937681,77.62573,Area B,2026-08-20 04:56:04,In Progress
PRM-1223,Urgent repair needed: overhead connection pipe leaking heavily behind the grocery supermarket. wasting thousands of liters of clean water.,Water Leakage,12.918906,77.555692,Area G,2026-08-20 06:01:25,Resolved
PRM-1785,Immediate repair required: overhead connection pipe leaking heavily behind the grocery supermarket. wasting thousands of liters of clean water.,Water Leakage,12.919068,77.555768,Area G,2026-08-20 06:17:25,Resolved
PRM-1683,Open overflowing manhole beside the public library is spreading foul stench throughout the locality. Please deploy sewage suction vehicle immediately.,Sewage,12.980736,77.603611,Area C,2026-08-20 11:25:51,In Progress
PRM-1645,Filthy wastewater flooding main road due to stagnant sewer runoff close to the primary school. extreme risk of dengue and waterborne diseases.,Sewage,12.985532,77.603663,Area C,2026-08-20 11:36:25,Pending Verification
PRM-1423,Commuter alert: unmarked construction barrier reported on residential street close to the primary school. Residents have been suffering for days.,Traffic Hazard,13.005324,77.559282,Area E,2026-08-20 14:32:04,Open
PRM-1685,Filthy wastewater flooding cross road due to black toxic wastewater backup close to the primary school. spreading foul stench throughout the locality.,Sewage,12.984292,77.607796,Area C,2026-08-20 14:47:05,Resolved
PRM-1093,Urgent repair needed: damaged fire hydrant pipe leaking heavily close to the primary school. flooding the main thoroughfare.,Water Leakage,12.91284,77.637841,Area D,2026-08-20 15:31:47,In Progress
PRM-1263,Motorists facing hazard due to cluster of sharp potholes on cross road. Please fix immediately.,Pothole,12.913317,77.652698,Area D,2026-08-20 15:32:37,In Progress
PRM-1659,Sanitary emergency with stagnant sewer runoff close to the primary school. extreme risk of dengue and waterborne diseases. Residents have been suffering for days.,Sewage,12.987855,77.603997,Area C,2026-08-20 16:21:42,Open
PRM-1668,Sanitary emergency with blocked sewage drain adjacent to the bus stop. extreme risk of dengue and waterborne diseases. Residents have been suffering for days.,Sewage,12.986299,77.601469,Area C,2026-08-20 16:47:23,Open
PRM-1344,Dark street safety concern: Streetlight beside the public library is broken bulb and hanging wires. unsafe for evening pedestrians. Residents have been suffering for days.,Streetlight,13.007537,77.564743,Area E,2026-08-20 17:00:35,Open
PRM-1355,"Severe drainage issue: overflowing manhole beside the public library, extreme risk of dengue and waterborne diseases. Kindly resolve on urgent priority.",Sewage,12.987108,77.605974,Area C,2026-08-20 17:23:29,Resolved
PRM-1670,Sanitary emergency with broken underground drainage pipe near the government clinic. entering ground floor residential compounds. Request the municipal team to address this today.,Sewage,12.987987,77.611683,Area C,2026-08-20 17:29:23,Open
PRM-1437,Urgent repair needed: municipal supply pipeline leaking heavily near the government clinic. causing low pressure in neighborhood homes.,Water Leakage,12.938866,77.618817,Area B,2026-08-20 17:35:02,In Progress
PRM-1142,Dark street safety concern: Streetlight near the government clinic is flickering constantly. pitch darkness increasing burglary risk. Request the municipal team to address this today.,Streetlight,12.962936,77.698966,Area F,2026-08-20 18:45:05,Resolved
PRM-1656,"Severe drainage issue: broken underground drainage pipe opposite the community park, entering ground floor residential compounds. Kindly resolve on urgent priority.",Sewage,12.98662,77.602344,Area C,2026-08-20 18:57:20,Open
PRM-1686,Filthy wastewater flooding market lane due to broken underground drainage pipe opposite the community park. entering ground floor residential compounds.,Sewage,12.986883,77.604932,Area C,2026-08-20 19:05:01,Open
PRM-1051,Sanitary emergency with overflowing manhole near the government clinic. extreme risk of dengue and waterborne diseases. Please fix immediately.,Sewage,13.010807,77.563576,Area E,2026-08-20 19:19:00,In Progress
PRM-1676,"Severe drainage issue: black toxic wastewater backup near the government clinic, extreme risk of dengue and waterborne diseases. Request the municipal team to address this today.",Sewage,12.983021,77.608208,Area C,2026-08-20 19:53:03,Open
PRM-1500,Huge scattered plastic debris has piled up beside the public library. It is attracting stray dogs and pests. Action required before a major accident occurs.,Garbage,12.915661,77.649531,Area D,2026-08-20 20:20:55,Open
PRM-1648,Open blocked sewage drain close to the primary school is inundating the entire lane. Please deploy sewage suction vehicle immediately.,Sewage,12.981044,77.602812,Area C,2026-08-20 21:11:10,In Progress
PRM-1376,"The streetlight at the 3rd cross junction has been damaged pole after storm, pitch darkness increasing burglary risk. Action required before a major accident occurs.",Streetlight,12.980361,77.596835,Area A,2026-08-20 21:47:10,Pending Verification
PRM-1049,Deep crater formed on inner lane beside the public library. heavy vehicle damage. Residents have been suffering for days.,Pothole,13.004389,77.57054,Area E,2026-08-20 23:30:35,Resolved
PRM-1489,Noticeable scattered plastic debris left open on market lane. posing health hazards to residents. Kindly resolve on urgent priority.,Garbage,12.922082,77.554026,Area G,2026-08-20 23:48:04,In Progress
PRM-1454,Report of uneven broken tarmac close to the primary school. It is danger to school buses. Please inspect road quality.,Pothole,12.92693,77.55554,Area G,2026-08-21 00:05:01,Open
PRM-1354,Continuous leak from overhead connection pipe on bus route at the 3rd cross junction. It is causing low pressure in neighborhood homes.,Water Leakage,12.967327,77.594996,Area A,2026-08-21 00:12:36,Resolved
PRM-1491,Dangerous road condition: deep crater observed beside the public library along the residential street. It is danger to school buses.,Pothole,12.977561,77.602233,Area C,2026-08-21 00:31:27,In Progress
PRM-1637,"Manhole backing up: stagnant sewer runoff on cross road adjacent to the bus stop, entering ground floor residential compounds. Please fix immediately.",Sewage,12.976558,77.59974,Area A,2026-08-21 00:35:55,Open
PRM-1274,"Illumination needed on highway junction at the 3rd cross junction. Lamps are dim and non-functional, making the street unsafe for women at night.",Streetlight,13.030986,77.541787,Area H,2026-08-21 00:43:33,Open
PRM-1506,Huge rotten vegetable and food waste has piled up behind the grocery supermarket. It is posing health hazards to residents. Action required before a major accident occurs.,Garbage,12.952216,77.701594,Area F,2026-08-21 00:57:38,Open
PRM-1662,"Manhole backing up: stagnant sewer runoff on market lane opposite the community park, entering ground floor residential compounds. Action required before a major accident occurs.",Sewage,12.984923,77.607451,Area C,2026-08-21 01:03:48,Open
PRM-1484,Report of dangerous surface depression beside the public library. It is danger to school buses. Please inspect road quality.,Pothole,12.981214,77.6051,Area C,2026-08-21 01:05:20,Resolved
PRM-1794,"Manhole backing up: stagnant sewer runoff on market lane opposite the community park, entering ground floor residential compounds. Accident risk is very high.",Sewage,12.984436,77.607524,Area C,2026-08-21 01:22:48,Open
PRM-1212,"The streetlight close to the primary school has been flickering constantly, unsafe for evening pedestrians. Please fix immediately.",Streetlight,12.929953,77.626083,Area B,2026-08-21 01:47:11,Pending Verification
PRM-1628,Faulty street lamp pole beside the public library is completely unlit for several days. Please fix immediately.,Streetlight,12.986467,77.602321,Area C,2026-08-21 05:42:56,Resolved
PRM-1629,"Severe damaged fire hydrant pipe leakage opposite the community park, creating heavy mud and waterlogging. Request the municipal team to address this today.",Water Leakage,12.915746,77.642885,Area D,2026-08-21 06:52:31,In Progress
PRM-1646,Sanitary emergency with stagnant sewer runoff at the 3rd cross junction. extreme risk of dengue and waterborne diseases. Request the municipal team to address this today.,Sewage,12.982378,77.600911,Area C,2026-08-21 07:21:23,In Progress
PRM-1663,Filthy wastewater flooding inner lane due to blocked sewage drain close to the primary school. extreme risk of dengue and waterborne diseases.,Sewage,12.988668,77.606742,Area C,2026-08-21 07:39:57,Pending Verification
PRM-1644,Sanitary emergency with black toxic wastewater backup behind the grocery supermarket. inundating the entire lane. Request the municipal team to address this today.,Sewage,12.986281,77.604922,Area C,2026-08-21 07:46:23,Open
PRM-1124,Sanitary emergency with overflowing manhole beside the public library. entering ground floor residential compounds. Residents have been suffering for days.,Sewage,12.983705,77.603901,Area C,2026-08-21 07:46:30,Pending Verification
PRM-1059,Faulty street lamp pole near the government clinic is dim and non-functional. Request the municipal team to address this today.,Streetlight,12.931174,77.625268,Area B,2026-08-21 15:10:21,In Progress
PRM-1412,Commuter alert: fallen tree branches blocking lanes reported on arterial road opposite the community park. Residents have been suffering for days.,Traffic Hazard,13.032055,77.544445,Area H,2026-08-21 15:28:11,In Progress
PRM-1439,"Manhole backing up: stagnant sewer runoff on service lane behind the grocery supermarket, entering ground floor residential compounds. Residents have been suffering for days.",Sewage,13.028712,77.540748,Area H,2026-08-21 18:46:02,Resolved
PRM-1394,No lighting on main road: Streetlights are dim and non-functional opposite the community park. making the street unsafe for women at night.,Streetlight,12.990707,77.610497,Area C,2026-08-21 20:13:44,In Progress
PRM-1633,Open stagnant sewer runoff behind the grocery supermarket is inundating the entire lane. Please deploy sewage suction vehicle immediately.,Sewage,13.007423,77.562627,Area E,2026-08-21 20:23:43,In Progress
PRM-1047,Public health concern: scattered plastic debris at the 3rd cross junction is blocking pedestrian footpath. Kindly arrange garbage truck.,Garbage,13.022622,77.538375,Area H,2026-08-21 21:20:11,Resolved
PRM-1414,Open broken underground drainage pipe at the 3rd cross junction is spreading foul stench throughout the locality. Please deploy sewage suction vehicle immediately.,Sewage,13.030026,77.546602,Area H,2026-08-21 22:58:43,In Progress
PRM-1562,"Severe drainage issue: stagnant sewer runoff beside the public library, spreading foul stench throughout the locality. Kindly resolve on urgent priority.",Sewage,13.032258,77.543405,Area H,2026-08-21 23:31:55,Resolved
PRM-1114,High risk of collision: fallen tree branches blocking lanes close to the primary school along market lane. Please clear the road.,Traffic Hazard,12.958493,77.703772,Area F,2026-08-21 23:53:49,Resolved
PRM-1166,Public health concern: overflowing open dumpster close to the primary school is attracting stray dogs and pests. Kindly arrange garbage truck.,Garbage,13.018893,77.5379,Area H,2026-08-22 01:31:46,Resolved
PRM-1348,Dark street safety concern: Streetlight opposite the community park is broken bulb and hanging wires. pitch darkness increasing burglary risk. Residents have been suffering for days.,Streetlight,12.949101,77.702602,Area F,2026-08-22 02:09:03,Open
PRM-1411,Public health concern: construction and demolition debris behind the grocery supermarket is emitting intolerable foul odor. Kindly arrange garbage truck.,Garbage,12.988883,77.604357,Area C,2026-08-22 02:37:27,Resolved
PRM-1180,Sanitary emergency with broken underground drainage pipe near the government clinic. entering ground floor residential compounds. Action required before a major accident occurs.,Sewage,12.926092,77.552828,Area G,2026-08-22 02:55:41,In Progress
PRM-1028,Unattended scattered plastic debris beside the public library. Not cleared for multiple days and is emitting intolerable foul odor. Residents have been suffering for days.,Garbage,12.914692,77.644988,Area D,2026-08-22 03:49:17,Open
PRM-1277,"Severe drainage issue: overflowing manhole beside the public library, spreading foul stench throughout the locality. Request the municipal team to address this today.",Sewage,13.031999,77.543368,Area H,2026-08-22 06:47:41,Resolved
PRM-1393,Clean drinking water wastage: overhead connection pipe burst beside the public library and is weakening road foundation. Please fix immediately.,Water Leakage,12.991505,77.603601,Area C,2026-08-22 12:49:19,Open
PRM-1527,"Manhole backing up: broken underground drainage pipe on market lane near the government clinic, inundating the entire lane. Residents have been suffering for days.",Sewage,12.983862,77.606392,Area C,2026-08-22 16:28:56,Open
PRM-1307,"Severe drainage issue: overflowing manhole at the 3rd cross junction, entering ground floor residential compounds. Kindly resolve on urgent priority.",Sewage,12.984594,77.60042,Area C,2026-08-22 17:31:14,In Progress
PRM-1475,"Severe municipal supply pipeline leakage behind the grocery supermarket, weakening road foundation. Kindly resolve on urgent priority.",Water Leakage,12.948283,77.705273,Area F,2026-08-22 18:33:40,Resolved
PRM-1573,Obstacle on roadway: defective non-functional traffic signal near the metro pillar. Kindly resolve on urgent priority.,Traffic Hazard,12.912561,77.649245,Area D,2026-08-22 18:57:45,Open
PRM-1186,Deep crater formed on market lane at the 3rd cross junction. traffic slowdown during peak hours. Request the municipal team to address this today.,Pothole,12.938366,77.618853,Area B,2026-08-22 19:50:13,Resolved
PRM-1319,"Severe municipal supply pipeline leakage adjacent to the bus stop, flooding the main thoroughfare. Kindly resolve on urgent priority.",Water Leakage,13.027919,77.544322,Area H,2026-08-23 00:47:08,In Progress
PRM-1641,Severe road obstruction: hanging overhead cable across traffic on residential street near the metro pillar. Residents have been suffering for days.,Traffic Hazard,12.912033,77.642614,Area D,2026-08-23 02:24:36,Open
PRM-1371,Sanitary emergency with blocked sewage drain adjacent to the bus stop. entering ground floor residential compounds. Please fix immediately.,Sewage,12.9719,77.592183,Area A,2026-08-23 02:51:28,In Progress
PRM-1478,Noticeable pile of household waste left open on inner lane. emitting intolerable foul odor. Action required before a major accident occurs.,Garbage,12.968172,77.595044,Area A,2026-08-23 02:56:38,Open
PRM-1451,Deep crater formed on cross road behind the grocery supermarket. danger to school buses. Please fix immediately.,Pothole,13.025631,77.541531,Area H,2026-08-23 03:38:10,In Progress
PRM-1125,Obstacle on roadway: hanging overhead cable across traffic close to the primary school. Request the municipal team to address this today.,Traffic Hazard,12.929457,77.626367,Area B,2026-08-23 03:49:35,Pending Verification
PRM-1039,Faulty street lamp pole behind the grocery supermarket is flickering constantly. Request the municipal team to address this today.,Streetlight,12.975834,77.589262,Area A,2026-08-23 08:22:19,Open
PRM-1072,Severe road obstruction: hanging overhead cable across traffic on market lane near the government clinic. Kindly resolve on urgent priority.,Traffic Hazard,13.010759,77.565535,Area E,2026-08-23 09:55:43,Resolved
PRM-1262,Commuter alert: broken road divider jutting onto carriageway reported on main road at the 3rd cross junction. Residents have been suffering for days.,Traffic Hazard,12.916381,77.562116,Area G,2026-08-23 12:12:46,Open
PRM-1565,"Manhole backing up: stagnant sewer runoff on bus route beside the public library, spreading foul stench throughout the locality. Please fix immediately.",Sewage,12.905423,77.644895,Area D,2026-08-23 15:03:20,Open
PRM-1178,"Manhole backing up: stagnant sewer runoff on cross road opposite the community park, extreme risk of dengue and waterborne diseases. Kindly resolve on urgent priority.",Sewage,12.909907,77.643535,Area D,2026-08-23 16:19:17,Open
PRM-1228,No lighting on main road: Streetlights are broken bulb and hanging wires near the government clinic. severe visibility issues for drivers.,Streetlight,12.960032,77.698535,Area F,2026-08-23 16:20:38,Resolved
PRM-1589,Noticeable overflowing open dumpster left open on arterial road. attracting stray dogs and pests. Please fix immediately.,Garbage,12.999602,77.565544,Area E,2026-08-23 16:33:51,Resolved
PRM-1593,Unattended pile of household waste opposite the community park. Not cleared for multiple days and is blocking pedestrian footpath. Kindly resolve on urgent priority.,Garbage,12.925725,77.560327,Area G,2026-08-23 16:53:23,Open
PRM-1516,Faulty street lamp pole opposite the community park is dim and non-functional. Please fix immediately.,Streetlight,12.992485,77.597173,Area C,2026-08-23 17:24:45,Open
PRM-1564,Clean drinking water wastage: municipal supply pipeline burst beside the public library and is flooding the main thoroughfare. Please fix immediately.,Water Leakage,12.986369,77.605236,Area C,2026-08-23 18:26:57,Open
PRM-1170,Sanitary emergency with overflowing manhole behind the grocery supermarket. spreading foul stench throughout the locality. Action required before a major accident occurs.,Sewage,13.004557,77.561606,Area E,2026-08-23 19:25:29,Open
PRM-1134,Sanitary emergency with stagnant sewer runoff close to the primary school. extreme risk of dengue and waterborne diseases. Please fix immediately.,Sewage,12.909956,77.64711,Area D,2026-08-23 20:35:17,Resolved
PRM-1369,Traffic safety threat: blind turn blocked by unauthorized parked trucks behind the grocery supermarket causing massive gridlock and safety hazard.,Traffic Hazard,12.96862,77.59367,Area A,2026-08-23 20:44:08,In Progress
PRM-1622,"Illumination needed on arterial road close to the primary school. Lamps are completely unlit for several days, unsafe for evening pedestrians.",Streetlight,12.938799,77.623356,Area B,2026-08-23 21:27:32,Open
PRM-1216,Traffic safety threat: fallen tree branches blocking lanes near the metro pillar causing massive gridlock and safety hazard.,Traffic Hazard,12.955785,77.702596,Area F,2026-08-23 21:57:03,Resolved
PRM-1121,Motorists facing hazard due to cluster of sharp potholes on market lane. Residents have been suffering for days.,Pothole,12.971177,77.589916,Area A,2026-08-23 22:16:49,Open
PRM-1120,Deep crater formed on inner lane beside the public library. heavy vehicle damage. Action required before a major accident occurs.,Pothole,12.980795,77.5962,Area C,2026-08-24 01:36:08,Open
PRM-1101,"Severe drainage issue: overflowing manhole opposite the community park, inundating the entire lane. Action required before a major accident occurs.",Sewage,12.979131,77.61175,Area C,2026-08-24 01:43:38,Open
PRM-1366,Motorists facing hazard due to deep crater on inner lane. Request the municipal team to address this today.,Pothole,13.010371,77.566192,Area E,2026-08-24 01:58:49,Resolved
PRM-1403,Open stagnant sewer runoff opposite the community park is spreading foul stench throughout the locality. Please deploy sewage suction vehicle immediately.,Sewage,12.985303,77.606049,Area C,2026-08-24 03:07:00,Open
PRM-1065,Clean drinking water wastage: underground drinking water line burst beside the public library and is creating heavy mud and waterlogging. Request the municipal team to address this today.,Water Leakage,12.915033,77.644244,Area D,2026-08-24 03:26:02,Pending Verification
PRM-1338,Clean drinking water wastage: underground drinking water line burst adjacent to the bus stop and is flooding the main thoroughfare. Request the municipal team to address this today.,Water Leakage,13.001958,77.559213,Area E,2026-08-24 03:49:55,Resolved
PRM-1063,No lighting on service lane: Streetlights are damaged pole after storm near the government clinic. severe visibility issues for drivers.,Streetlight,13.028199,77.54596,Area H,2026-08-24 04:32:47,Resolved
PRM-1528,No lighting on cross road: Streetlights are dim and non-functional adjacent to the bus stop. making the street unsafe for women at night.,Streetlight,12.952778,77.6982,Area F,2026-08-24 13:21:29,Open
PRM-1361,Deep crater formed on arterial road at the 3rd cross junction. danger to school buses. Kindly resolve on urgent priority.,Pothole,12.953154,77.695459,Area F,2026-08-24 15:50:11,Open
PRM-1160,Water overflowing onto market lane from damaged broken roadside valve behind the grocery supermarket. flooding the main thoroughfare. Kindly resolve on urgent priority.,Water Leakage,12.925682,77.552784,Area G,2026-08-24 16:24:11,Resolved
PRM-1040,Dangerous road condition: uneven broken tarmac observed near the metro pillar along the bus route. It is danger to school buses.,Pothole,12.921793,77.561369,Area G,2026-08-24 16:29:58,In Progress
PRM-1074,Unattended scattered plastic debris near the government clinic. Not cleared for multiple days and is posing health hazards to residents. Kindly resolve on urgent priority.,Garbage,12.9382,77.622587,Area B,2026-08-24 16:50:34,Pending Verification
PRM-1449,A dangerous surface depression on market lane adjacent to the bus stop is severe accident risk for daily commuters. Please fix immediately.,Pothole,12.956409,77.703914,Area F,2026-08-24 16:57:14,Open
PRM-1057,Faulty street lamp pole near the metro pillar is damaged pole after storm. Request the municipal team to address this today.,Streetlight,12.93186,77.625166,Area B,2026-08-24 17:34:31,Open
PRM-1240,Sanitary emergency with overflowing manhole behind the grocery supermarket. entering ground floor residential compounds. Please fix immediately.,Sewage,13.030155,77.544011,Area H,2026-08-24 18:42:40,Open
PRM-1183,Urgent repair needed: municipal supply pipeline leaking heavily beside the public library. causing low pressure in neighborhood homes.,Water Leakage,12.912061,77.646914,Area D,2026-08-24 19:28:38,Resolved
PRM-1416,Filthy wastewater flooding market lane due to broken underground drainage pipe close to the primary school. inundating the entire lane.,Sewage,12.920445,77.551733,Area G,2026-08-24 20:13:42,Resolved
PRM-1060,Water overflowing onto market lane from damaged underground drinking water line beside the public library. weakening road foundation. Please fix immediately.,Water Leakage,12.998589,77.573998,Area E,2026-08-24 21:00:42,Open
PRM-1249,Motorists facing hazard due to cluster of sharp potholes on main road. Please fix immediately.,Pothole,12.903838,77.647768,Area D,2026-08-24 21:33:55,Open
PRM-1597,Urgent repair needed: underground drinking water line leaking heavily close to the primary school. flooding the main thoroughfare.,Water Leakage,12.956841,77.69702,Area F,2026-08-24 22:41:00,Resolved
PRM-1510,Huge rotten vegetable and food waste has piled up close to the primary school. It is attracting stray dogs and pests. Kindly resolve on urgent priority.,Garbage,13.028551,77.538808,Area H,2026-08-24 23:20:36,Resolved
PRM-1128,Obstacle on roadway: broken road divider jutting onto carriageway near the government clinic. Request the municipal team to address this today.,Traffic Hazard,12.999326,77.558948,Area E,2026-08-24 23:31:56,Resolved
PRM-1631,"Sanitation failure: uncollected commercial garbage dumped along service lane near the government clinic, emitting intolerable foul odor.",Garbage,12.911593,77.653212,Area D,2026-08-24 23:39:06,Open
PRM-1210,"Illumination needed on bus route close to the primary school. Lamps are completely unlit for several days, severe visibility issues for drivers.",Streetlight,13.00004,77.561091,Area E,2026-08-25 00:05:40,Open
PRM-1321,Sanitary emergency with stagnant sewer runoff close to the primary school. spreading foul stench throughout the locality. Request the municipal team to address this today.,Sewage,12.970125,77.585477,Area A,2026-08-25 00:18:45,Open
PRM-1086,Faulty street lamp pole opposite the community park is completely unlit for several days. Please fix immediately.,Streetlight,12.923355,77.557101,Area G,2026-08-25 00:23:09,Open
PRM-1283,Clean drinking water wastage: underground drinking water line burst at the 3rd cross junction and is flooding the main thoroughfare. Residents have been suffering for days.,Water Leakage,13.001253,77.565125,Area E,2026-08-25 00:47:32,Open
PRM-1544,Public health concern: overflowing open dumpster near the government clinic is emitting intolerable foul odor. Kindly arrange garbage truck.,Garbage,12.937698,77.620998,Area B,2026-08-25 01:15:53,Open
PRM-1455,Faulty street lamp pole opposite the community park is damaged pole after storm. Request the municipal team to address this today.,Streetlight,13.029114,77.532832,Area H,2026-08-25 01:23:40,Open
PRM-1202,Unattended construction and demolition debris near the government clinic. Not cleared for multiple days and is blocking pedestrian footpath. Please fix immediately.,Garbage,13.016056,77.544247,Area H,2026-08-25 07:58:08,Open
PRM-1351,Deep crater formed on service lane beside the public library. causing two-wheelers to skid. Kindly resolve on urgent priority.,Pothole,12.914993,77.64411,Area D,2026-08-25 09:50:17,In Progress
PRM-1409,Commuter alert: unmarked construction barrier reported on market lane adjacent to the bus stop. Kindly resolve on urgent priority.,Traffic Hazard,12.957997,77.692968,Area F,2026-08-25 11:30:07,Resolved
PRM-1122,Unattended rotten vegetable and food waste opposite the community park. Not cleared for multiple days and is blocking pedestrian footpath. Residents have been suffering for days.,Garbage,12.927026,77.62704,Area B,2026-08-25 14:43:54,Resolved
PRM-1068,Severe road obstruction: fallen tree branches blocking lanes on market lane close to the primary school. Action required before a major accident occurs.,Traffic Hazard,13.009929,77.564393,Area E,2026-08-25 15:40:45,Open
PRM-1111,Deep crater formed on bus route near the metro pillar. severe accident risk for daily commuters. Residents have been suffering for days.,Pothole,12.905874,77.648032,Area D,2026-08-25 15:57:31,Resolved
PRM-1434,"The streetlight adjacent to the bus stop has been broken bulb and hanging wires, pitch darkness increasing burglary risk. Please fix immediately.",Streetlight,12.91067,77.643355,Area D,2026-08-25 17:02:04,In Progress
PRM-1079,Clean drinking water wastage: overhead connection pipe burst at the 3rd cross junction and is causing low pressure in neighborhood homes. Please fix immediately.,Water Leakage,12.970574,77.591995,Area A,2026-08-25 17:23:06,Open
PRM-1261,Obstacle on roadway: broken road divider jutting onto carriageway adjacent to the bus stop. Please fix immediately.,Traffic Hazard,12.984463,77.606275,Area C,2026-08-25 17:49:10,In Progress
PRM-1098,Severe road obstruction: blind turn blocked by unauthorized parked trucks on inner lane opposite the community park. Action required before a major accident occurs.,Traffic Hazard,12.956877,77.702222,Area F,2026-08-25 18:17:37,In Progress
PRM-1116,Report of large cave-in close to the primary school. It is traffic slowdown during peak hours. Please inspect road quality.,Pothole,12.954958,77.708093,Area F,2026-08-25 19:28:57,Open
PRM-1015,"The streetlight near the metro pillar has been damaged pole after storm, making the street unsafe for women at night. Request the municipal team to address this today.",Streetlight,12.925561,77.557881,Area G,2026-08-25 20:29:55,Open
PRM-1346,Report of massive pothole at the 3rd cross junction. It is causing two-wheelers to skid. Please inspect road quality.,Pothole,12.986264,77.606464,Area C,2026-08-25 20:44:39,Pending Verification
PRM-1542,Severe road obstruction: fallen tree branches blocking lanes on service lane opposite the community park. Residents have been suffering for days.,Traffic Hazard,12.932727,77.615698,Area B,2026-08-25 20:53:48,In Progress
PRM-1066,"Sanitation failure: uncollected commercial garbage dumped along arterial road close to the primary school, blocking pedestrian footpath.",Garbage,12.961564,77.695052,Area F,2026-08-25 22:29:00,Open
PRM-1158,"The streetlight near the government clinic has been dim and non-functional, severe visibility issues for drivers. Kindly resolve on urgent priority.",Streetlight,12.97164,77.595803,Area A,2026-08-25 22:48:55,In Progress
PRM-1590,Noticeable scattered plastic debris left open on highway junction. attracting stray dogs and pests. Kindly resolve on urgent priority.,Garbage,12.923701,77.552912,Area G,2026-08-25 23:58:02,Open
PRM-1370,Huge scattered plastic debris has piled up beside the public library. It is attracting stray dogs and pests. Action required before a major accident occurs.,Garbage,12.912252,77.647744,Area D,2026-08-26 00:36:05,Open
PRM-1272,Urgent repair needed: underground drinking water line leaking heavily close to the primary school. wasting thousands of liters of clean water.,Water Leakage,12.988054,77.607652,Area C,2026-08-26 02:44:54,Pending Verification
PRM-1034,Public health concern: overflowing open dumpster beside the public library is emitting intolerable foul odor. Kindly arrange garbage truck.,Garbage,13.022763,77.536496,Area H,2026-08-26 03:36:12,Resolved
PRM-1155,Severe road obstruction: fallen tree branches blocking lanes on bus route close to the primary school. Action required before a major accident occurs.,Traffic Hazard,12.918961,77.562179,Area G,2026-08-26 04:24:24,Open
PRM-1524,A dangerous surface depression on inner lane near the metro pillar is heavy vehicle damage. Residents have been suffering for days.,Pothole,13.030851,77.535767,Area H,2026-08-26 05:38:42,Pending Verification
PRM-1055,Unattended scattered plastic debris opposite the community park. Not cleared for multiple days and is choking rainwater roadside gutters. Kindly resolve on urgent priority.,Garbage,12.966466,77.597925,Area A,2026-08-26 12:18:45,In Progress
PRM-1466,Severe road obstruction: hanging overhead cable across traffic on residential street near the metro pillar. Request the municipal team to address this today.,Traffic Hazard,13.026967,77.542557,Area H,2026-08-26 12:43:35,Resolved
PRM-1609,Public health concern: overflowing open dumpster adjacent to the bus stop is attracting stray dogs and pests. Kindly arrange garbage truck.,Garbage,12.953854,77.69708,Area F,2026-08-26 14:42:15,Resolved
PRM-1259,"Illumination needed on service lane adjacent to the bus stop. Lamps are dim and non-functional, making the street unsafe for women at night.",Streetlight,12.952325,77.704832,Area F,2026-08-26 15:03:55,Resolved
PRM-1450,Filthy wastewater flooding inner lane due to broken underground drainage pipe close to the primary school. spreading foul stench throughout the locality.,Sewage,13.02969,77.54438,Area H,2026-08-26 16:22:17,Open
PRM-1193,"Illumination needed on market lane beside the public library. Lamps are broken bulb and hanging wires, unsafe for evening pedestrians.",Streetlight,12.97814,77.587231,Area A,2026-08-26 16:24:35,In Progress
PRM-1311,Faulty street lamp pole behind the grocery supermarket is flickering constantly. Please fix immediately.,Streetlight,12.955148,77.696495,Area F,2026-08-26 17:10:41,Open
PRM-1070,Huge overflowing open dumpster has piled up near the government clinic. It is emitting intolerable foul odor. Residents have been suffering for days.,Garbage,13.029898,77.539742,Area H,2026-08-26 17:16:42,Open
PRM-1538,"Illumination needed on inner lane adjacent to the bus stop. Lamps are damaged pole after storm, unsafe for evening pedestrians.",Streetlight,12.975004,77.600065,Area A,2026-08-26 20:32:14,Pending Verification
PRM-1402,Public health concern: overflowing open dumpster near the government clinic is emitting intolerable foul odor. Kindly arrange garbage truck.,Garbage,12.934357,77.624811,Area B,2026-08-26 21:12:21,Resolved
PRM-1436,Motorists facing hazard due to large cave-in on residential street. Please fix immediately.,Pothole,12.931979,77.554102,Area G,2026-08-26 22:59:22,Open
PRM-1382,Report of massive pothole adjacent to the bus stop. It is severe accident risk for daily commuters. Please inspect road quality.,Pothole,13.033151,77.546676,Area H,2026-08-27 00:11:54,Open
PRM-1095,Report of uneven broken tarmac behind the grocery supermarket. It is traffic slowdown during peak hours. Please inspect road quality.,Pothole,12.960579,77.709567,Area F,2026-08-27 00:23:05,In Progress
PRM-1077,"Severe drainage issue: black toxic wastewater backup near the metro pillar, inundating the entire lane. Please fix immediately.",Sewage,12.908693,77.640053,Area D,2026-08-27 00:41:26,Open
PRM-1511,Obstacle on roadway: fallen tree branches blocking lanes near the government clinic. Kindly resolve on urgent priority.,Traffic Hazard,12.925829,77.552816,Area G,2026-08-27 01:16:11,Open
PRM-1530,Motorists facing hazard due to deep crater on residential street. Residents have been suffering for days.,Pothole,12.93108,77.624224,Area B,2026-08-27 01:52:16,Resolved
PRM-1792,"Critical drainage issue: black toxic wastewater backup near the metro pillar, inundating the entire lane. Please fix immediately.",Sewage,12.908859,77.640183,Area D,2026-08-27 03:02:26,Open
PRM-1016,Noticeable pile of household waste left open on service lane. emitting intolerable foul odor. Residents have been suffering for days.,Garbage,13.029621,77.542864,Area H,2026-08-27 03:04:28,Pending Verification
PRM-1257,Commuter alert: fallen tree branches blocking lanes reported on cross road close to the primary school. Action required before a major accident occurs.,Traffic Hazard,12.909878,77.639346,Area D,2026-08-27 04:22:32,In Progress
PRM-1010,Obstacle on roadway: broken road divider jutting onto carriageway close to the primary school. Action required before a major accident occurs.,Traffic Hazard,13.009972,77.563309,Area E,2026-08-27 15:40:19,In Progress
PRM-1540,"The streetlight near the government clinic has been flickering constantly, pitch darkness increasing burglary risk. Action required before a major accident occurs.",Streetlight,12.937784,77.615279,Area B,2026-08-27 17:35:03,Resolved
PRM-1235,Open black toxic wastewater backup close to the primary school is inundating the entire lane. Please deploy sewage suction vehicle immediately.,Sewage,12.910901,77.643157,Area D,2026-08-27 18:04:15,Open
PRM-1784,"The streetlight near the government clinic has been flickering constantly, pitch darkness increasing burglary risk. Accident risk is very high.",Streetlight,12.937493,77.615128,Area B,2026-08-27 18:47:03,Resolved
PRM-1289,Obstacle on roadway: hanging overhead cable across traffic close to the primary school. Kindly resolve on urgent priority.,Traffic Hazard,12.936153,77.62678,Area B,2026-08-27 19:27:17,Resolved
PRM-1492,High risk of collision: fallen tree branches blocking lanes near the government clinic along inner lane. Please clear the road.,Traffic Hazard,13.020238,77.542084,Area H,2026-08-27 19:31:37,Open
PRM-1153,"Manhole backing up: black toxic wastewater backup on residential street near the metro pillar, spreading foul stench throughout the locality. Request the municipal team to address this today.",Sewage,13.029585,77.536799,Area H,2026-08-27 20:03:35,Resolved
PRM-1251,Obstacle on roadway: broken road divider jutting onto carriageway at the 3rd cross junction. Action required before a major accident occurs.,Traffic Hazard,12.933952,77.621797,Area B,2026-08-27 20:55:30,Resolved
PRM-1135,Continuous leak from overhead connection pipe on inner lane adjacent to the bus stop. It is flooding the main thoroughfare.,Water Leakage,12.956083,77.698336,Area F,2026-08-27 21:02:02,In Progress
PRM-1141,Clean drinking water wastage: damaged fire hydrant pipe burst opposite the community park and is creating heavy mud and waterlogging. Residents have been suffering for days.,Water Leakage,13.001588,77.55862,Area E,2026-08-27 21:35:59,Resolved
PRM-1192,Filthy wastewater flooding bus route due to black toxic wastewater backup close to the primary school. entering ground floor residential compounds.,Sewage,12.98126,77.6031,Area C,2026-08-27 22:58:41,Open
PRM-1169,Dangerous road condition: massive pothole observed opposite the community park along the service lane. It is severe accident risk for daily commuters.,Pothole,13.000095,77.563768,Area E,2026-08-28 00:27:51,Open
PRM-1322,Severe road obstruction: broken road divider jutting onto carriageway on inner lane behind the grocery supermarket. Please fix immediately.,Traffic Hazard,13.005682,77.571085,Area E,2026-08-28 00:39:10,Open
PRM-1613,Traffic safety threat: fallen tree branches blocking lanes beside the public library causing massive gridlock and safety hazard.,Traffic Hazard,12.984805,77.603816,Area C,2026-08-28 02:20:35,Open
PRM-1132,Clean drinking water wastage: overhead connection pipe burst near the metro pillar and is weakening road foundation. Action required before a major accident occurs.,Water Leakage,13.037539,77.542299,Area H,2026-08-28 05:13:37,Resolved
PRM-1473,Commuter alert: defective non-functional traffic signal reported on market lane beside the public library. Action required before a major accident occurs.,Traffic Hazard,12.918796,77.64581,Area D,2026-08-28 05:38:47,In Progress
PRM-1231,Dangerous road condition: cluster of sharp potholes observed at the 3rd cross junction along the cross road. It is causing two-wheelers to skid.,Pothole,12.971906,77.597394,Area A,2026-08-28 08:58:39,Open
PRM-1406,Huge pile of household waste has piled up beside the public library. It is posing health hazards to residents. Please fix immediately.,Garbage,12.932024,77.632323,Area B,2026-08-28 13:01:30,Open
PRM-1329,Deep crater formed on inner lane adjacent to the bus stop. traffic slowdown during peak hours. Residents have been suffering for days.,Pothole,13.022866,77.536441,Area H,2026-08-28 13:30:23,Open
PRM-1448,Report of large cave-in beside the public library. It is heavy vehicle damage. Please inspect road quality.,Pothole,12.985531,77.605814,Area C,2026-08-28 14:15:46,Open
PRM-1499,"Manhole backing up: overflowing manhole on residential street beside the public library, entering ground floor residential compounds. Residents have been suffering for days.",Sewage,12.989121,77.601173,Area C,2026-08-28 16:31:13,Open
PRM-1507,Severe road obstruction: fallen tree branches blocking lanes on arterial road near the government clinic. Action required before a major accident occurs.,Traffic Hazard,12.96099,77.697523,Area F,2026-08-28 17:28:24,Pending Verification
PRM-1356,Public health concern: scattered plastic debris close to the primary school is blocking pedestrian footpath. Kindly arrange garbage truck.,Garbage,12.954938,77.695235,Area F,2026-08-28 19:33:43,Open
PRM-1603,No lighting on cross road: Streetlights are broken bulb and hanging wires behind the grocery supermarket. unsafe for evening pedestrians.,Streetlight,12.925969,77.557817,Area G,2026-08-28 21:04:24,Open
PRM-1592,Open blocked sewage drain near the metro pillar is entering ground floor residential compounds. Please deploy sewage suction vehicle immediately.,Sewage,13.030725,77.546598,Area H,2026-08-28 21:31:30,In Progress
PRM-1254,"The streetlight at the 3rd cross junction has been dim and non-functional, severe visibility issues for drivers. Residents have been suffering for days.",Streetlight,13.003973,77.567825,Area E,2026-08-28 23:37:06,Open
PRM-1584,Continuous leak from broken roadside valve on bus route near the metro pillar. It is flooding the main thoroughfare.,Water Leakage,12.953294,77.711256,Area F,2026-08-29 00:09:03,Pending Verification
PRM-1291,Obstacle on roadway: unmarked construction barrier beside the public library. Please fix immediately.,Traffic Hazard,12.946093,77.699406,Area F,2026-08-29 01:10:26,Open
PRM-1030,Traffic safety threat: defective non-functional traffic signal beside the public library causing massive gridlock and safety hazard.,Traffic Hazard,12.934017,77.556297,Area G,2026-08-29 01:47:47,Pending Verification
PRM-1334,Dark street safety concern: Streetlight near the metro pillar is completely unlit for several days. pitch darkness increasing burglary risk. Request the municipal team to address this today.,Streetlight,12.99278,77.604783,Area C,2026-08-29 01:50:31,Open
PRM-1285,"Severe drainage issue: stagnant sewer runoff opposite the community park, entering ground floor residential compounds. Please fix immediately.",Sewage,12.921018,77.54867,Area G,2026-08-29 03:27:51,Open
PRM-1788,"Critical drainage issue: stagnant sewer runoff opposite the community park, entering ground floor residential compounds. Please fix immediately.",Sewage,12.921762,77.549292,Area G,2026-08-29 03:50:51,Open
PRM-1336,Commuter alert: fallen tree branches blocking lanes reported on bus route adjacent to the bus stop. Request the municipal team to address this today.,Traffic Hazard,12.906968,77.641909,Area D,2026-08-29 06:18:22,Open
PRM-1032,Faulty street lamp pole adjacent to the bus stop is broken bulb and hanging wires. Request the municipal team to address this today.,Streetlight,12.982468,77.602753,Area C,2026-08-29 08:18:13,In Progress
PRM-1711,A massive pothole on bus route at the 3rd cross junction is severe accident risk for daily commuters. Please fix immediately.,Pothole,12.968008,77.592003,Area A,2026-08-29 08:40:35,Open
PRM-1726,Motorists facing hazard due to deep crater on cross road. Kindly resolve on urgent priority.,Pothole,12.974239,77.590289,Area A,2026-08-29 10:10:24,Open
PRM-1734,Report of deep crater near the metro pillar. It is heavy vehicle damage. Please inspect road quality.,Pothole,12.974396,77.596254,Area A,2026-08-29 11:13:51,Open
PRM-1701,Dangerous road condition: cluster of sharp potholes observed near the metro pillar along the residential street. It is severe accident risk for daily commuters.,Pothole,12.97015,77.594107,Area A,2026-08-29 11:17:02,Open
PRM-1789,Citizen follow-up: Report of deep crater near the metro pillar. It is heavy vehicle damage. Please inspect road quality.,Pothole,12.9743,77.596459,Area A,2026-08-29 11:57:51,Open
PRM-1731,Report of dangerous surface depression at the 3rd cross junction. It is severe accident risk for daily commuters. Please inspect road quality.,Pothole,12.974969,77.594088,Area A,2026-08-29 13:33:32,Open
PRM-1688,A cluster of sharp potholes on arterial road beside the public library is severe accident risk for daily commuters. Residents have been suffering for days.,Pothole,12.968503,77.596146,Area A,2026-08-29 14:32:50,Open
PRM-1791,A cluster of sharp potholes on arterial road beside the public library is severe accident risk for daily commuters. Local citizens are facing great difficulty.,Pothole,12.968288,77.595751,Area A,2026-08-29 14:47:50,Open
PRM-1709,Deep crater formed on cross road near the metro pillar. traffic slowdown during peak hours. Residents have been suffering for days.,Pothole,12.977181,77.591015,Area A,2026-08-29 15:13:00,Open
PRM-1691,Dangerous road condition: cluster of sharp potholes observed adjacent to the bus stop along the residential street. It is heavy vehicle damage.,Pothole,12.966217,77.595555,Area A,2026-08-29 15:15:17,Open
PRM-1728,A massive pothole on main road close to the primary school is causing two-wheelers to skid. Residents have been suffering for days.,Pothole,12.97135,77.594278,Area A,2026-08-29 16:00:40,Open
PRM-1588,Unattended uncollected commercial garbage near the metro pillar. Not cleared for multiple days and is emitting intolerable foul odor. Kindly resolve on urgent priority.,Garbage,13.002591,77.560924,Area E,2026-08-29 16:01:11,Open
PRM-1587,Deep crater formed on inner lane near the metro pillar. severe accident risk for daily commuters. Please fix immediately.,Pothole,12.959758,77.701234,Area F,2026-08-29 16:28:12,Open
PRM-1112,Water overflowing onto inner lane from damaged damaged fire hydrant pipe opposite the community park. weakening road foundation. Residents have been suffering for days.,Water Leakage,12.928631,77.556237,Area G,2026-08-29 16:42:05,Resolved
PRM-1793,Unattended uncollected commercial garbage near the metro pillar. Not cleared for multiple days and is emitting intolerable foul odor. Needs urgent attention from the authority.,Garbage,13.003092,77.560766,Area E,2026-08-29 17:31:11,Open
PRM-1130,Clean drinking water wastage: municipal supply pipeline burst behind the grocery supermarket and is wasting thousands of liters of clean water. Kindly resolve on urgent priority.,Water Leakage,12.927521,77.559018,Area G,2026-08-29 18:29:07,Open
PRM-1712,Motorists facing hazard due to deep crater on market lane. Kindly resolve on urgent priority.,Pothole,12.969098,77.593557,Area A,2026-08-29 19:44:47,In Progress
PRM-1727,Dangerous road condition: dangerous surface depression observed near the government clinic along the bus route. It is heavy vehicle damage.,Pothole,12.972155,77.593289,Area A,2026-08-29 21:08:04,Open
PRM-1707,Dangerous road condition: large cave-in observed adjacent to the bus stop along the highway junction. It is heavy vehicle damage.,Pothole,12.972916,77.595479,Area A,2026-08-29 21:19:19,Open
PRM-1201,"Severe municipal supply pipeline leakage opposite the community park, wasting thousands of liters of clean water. Request the municipal team to address this today.",Water Leakage,13.000548,77.568975,Area E,2026-08-29 21:21:57,Pending Verification
PRM-1598,Unattended uncollected commercial garbage at the 3rd cross junction. Not cleared for multiple days and is posing health hazards to residents. Kindly resolve on urgent priority.,Garbage,13.028543,77.546192,Area H,2026-08-29 21:52:29,Open
PRM-1364,Report of cluster of sharp potholes close to the primary school. It is heavy vehicle damage. Please inspect road quality.,Pothole,13.007481,77.562171,Area E,2026-08-29 22:06:02,Resolved
PRM-1365,Huge uncollected commercial garbage has piled up adjacent to the bus stop. It is choking rainwater roadside gutters. Kindly resolve on urgent priority.,Garbage,12.911967,77.647978,Area D,2026-08-29 22:13:46,Resolved
PRM-1342,Open blocked sewage drain adjacent to the bus stop is spreading foul stench throughout the locality. Please deploy sewage suction vehicle immediately.,Sewage,13.024135,77.53673,Area H,2026-08-29 22:40:34,Open
PRM-1173,Obstacle on roadway: defective non-functional traffic signal beside the public library. Kindly resolve on urgent priority.,Traffic Hazard,12.927942,77.554742,Area G,2026-08-29 22:54:24,Resolved
PRM-1693,Report of large cave-in opposite the community park. It is danger to school buses. Please inspect road quality.,Pothole,12.969093,77.597217,Area A,2026-08-29 23:07:20,Open
PRM-1733,A massive pothole on residential street behind the grocery supermarket is causing two-wheelers to skid. Residents have been suffering for days.,Pothole,12.972218,77.595612,Area A,2026-08-29 23:15:27,Open
PRM-1165,Open blocked sewage drain behind the grocery supermarket is inundating the entire lane. Please deploy sewage suction vehicle immediately.,Sewage,12.91206,77.643878,Area D,2026-08-29 23:46:26,In Progress
PRM-1177,Faulty street lamp pole near the government clinic is broken bulb and hanging wires. Request the municipal team to address this today.,Streetlight,12.926281,77.557248,Area G,2026-08-29 23:50:20,Resolved
PRM-1140,Clean drinking water wastage: broken roadside valve burst behind the grocery supermarket and is weakening road foundation. Kindly resolve on urgent priority.,Water Leakage,12.980221,77.606238,Area C,2026-08-30 00:55:46,Open
PRM-1373,Water overflowing onto cross road from damaged damaged fire hydrant pipe near the metro pillar. weakening road foundation. Request the municipal team to address this today.,Water Leakage,12.911927,77.641845,Area D,2026-08-30 01:35:30,Open
PRM-1702,Dangerous road condition: large cave-in observed opposite the community park along the bus route. It is heavy vehicle damage.,Pothole,12.972505,77.591131,Area A,2026-08-30 01:55:42,In Progress
PRM-1732,A cluster of sharp potholes on service lane at the 3rd cross junction is causing two-wheelers to skid. Residents have been suffering for days.,Pothole,12.969784,77.596498,Area A,2026-08-30 03:26:03,Open
PRM-1245,Severe road obstruction: blind turn blocked by unauthorized parked trucks on bus route beside the public library. Please fix immediately.,Traffic Hazard,12.939556,77.627152,Area B,2026-08-30 03:33:29,Open
PRM-1471,Urgent repair needed: broken roadside valve leaking heavily adjacent to the bus stop. weakening road foundation.,Water Leakage,12.926925,77.560168,Area G,2026-08-30 04:12:11,Open
PRM-1359,Motorists facing hazard due to deep crater on main road. Residents have been suffering for days.,Pothole,13.028446,77.539557,Area H,2026-08-30 04:26:52,Resolved
PRM-1061,Faulty street lamp pole near the metro pillar is flickering constantly. Residents have been suffering for days.,Streetlight,13.028169,77.538207,Area H,2026-08-30 04:28:56,Open
PRM-1720,Report of uneven broken tarmac adjacent to the bus stop. It is heavy vehicle damage. Please inspect road quality.,Pothole,12.974571,77.597667,Area A,2026-08-30 09:23:16,Open
PRM-1570,Severe road obstruction: defective non-functional traffic signal on market lane near the metro pillar. Please fix immediately.,Traffic Hazard,12.953583,77.704724,Area F,2026-08-30 09:44:08,Open
PRM-1721,Deep crater formed on market lane adjacent to the bus stop. severe accident risk for daily commuters. Residents have been suffering for days.,Pothole,12.976896,77.592657,Area A,2026-08-30 11:35:21,Open
PRM-1708,Deep crater formed on highway junction opposite the community park. traffic slowdown during peak hours. Kindly resolve on urgent priority.,Pothole,12.972414,77.595936,Area A,2026-08-30 12:22:55,Open
PRM-1735,Dangerous road condition: massive pothole observed beside the public library along the inner lane. It is causing two-wheelers to skid.,Pothole,12.970335,77.596196,Area A,2026-08-30 12:39:56,Open
PRM-1220,Filthy wastewater flooding residential street due to stagnant sewer runoff near the government clinic. extreme risk of dengue and waterborne diseases.,Sewage,12.982393,77.601959,Area C,2026-08-30 14:42:08,Open
PRM-1689,A cluster of sharp potholes on residential street opposite the community park is heavy vehicle damage. Action required before a major accident occurs.,Pothole,12.970805,77.594999,Area A,2026-08-30 14:44:57,Resolved
PRM-1714,Dangerous road condition: large cave-in observed near the government clinic along the inner lane. It is traffic slowdown during peak hours.,Pothole,12.972069,77.594311,Area A,2026-08-30 14:45:13,In Progress
PRM-1368,High risk of collision: fallen tree branches blocking lanes close to the primary school along cross road. Please clear the road.,Traffic Hazard,12.931477,77.55499,Area G,2026-08-30 15:27:18,In Progress
PRM-1729,Motorists facing hazard due to dangerous surface depression on bus route. Kindly resolve on urgent priority.,Pothole,12.966203,77.597409,Area A,2026-08-30 16:42:33,Open
PRM-1442,Traffic safety threat: fallen tree branches blocking lanes close to the primary school causing massive gridlock and safety hazard.,Traffic Hazard,12.919991,77.56595,Area G,2026-08-30 16:53:50,Open
PRM-1296,Report of cluster of sharp potholes beside the public library. It is causing two-wheelers to skid. Please inspect road quality.,Pothole,12.986402,77.600084,Area C,2026-08-30 17:16:26,Open
PRM-1143,Water overflowing onto highway junction from damaged municipal supply pipeline behind the grocery supermarket. creating heavy mud and waterlogging. Please fix immediately.,Water Leakage,13.006899,77.568701,Area E,2026-08-30 17:42:57,Open
PRM-1719,A massive pothole on service lane beside the public library is causing two-wheelers to skid. Action required before a major accident occurs.,Pothole,12.970814,77.590284,Area A,2026-08-30 18:26:49,Open
PRM-1444,Report of large cave-in behind the grocery supermarket. It is heavy vehicle damage. Please inspect road quality.,Pothole,12.990603,77.602196,Area C,2026-08-30 18:44:51,In Progress
PRM-1715,A cluster of sharp potholes on highway junction opposite the community park is causing two-wheelers to skid. Action required before a major accident occurs.,Pothole,12.970421,77.589347,Area A,2026-08-30 19:24:39,In Progress
PRM-1736,Dangerous road condition: uneven broken tarmac observed beside the public library along the main road. It is causing two-wheelers to skid.,Pothole,12.973955,77.592809,Area A,2026-08-30 20:09:24,Open
PRM-1505,Huge construction and demolition debris has piled up beside the public library. It is attracting stray dogs and pests. Request the municipal team to address this today.,Garbage,13.000455,77.565637,Area E,2026-08-30 21:23:44,Pending Verification
PRM-1299,Dangerous road condition: large cave-in observed behind the grocery supermarket along the inner lane. It is danger to school buses.,Pothole,12.985287,77.605281,Area C,2026-08-30 22:05:19,Open
PRM-1087,Severe road obstruction: defective non-functional traffic signal on arterial road at the 3rd cross junction. Request the municipal team to address this today.,Traffic Hazard,12.95793,77.696279,Area F,2026-08-30 22:21:42,Open
PRM-1302,Dark street safety concern: Streetlight close to the primary school is damaged pole after storm. pitch darkness increasing burglary risk. Please fix immediately.,Streetlight,12.953456,77.698719,Area F,2026-08-30 22:23:51,Resolved
PRM-1323,"Severe damaged fire hydrant pipe leakage near the government clinic, causing low pressure in neighborhood homes. Residents have been suffering for days.",Water Leakage,12.922479,77.559398,Area G,2026-08-30 22:47:45,Open
PRM-1558,Urgent repair needed: damaged fire hydrant pipe leaking heavily close to the primary school. creating heavy mud and waterlogging.,Water Leakage,12.938055,77.621476,Area B,2026-08-30 22:57:21,Resolved
PRM-1190,Commuter alert: broken road divider jutting onto carriageway reported on inner lane adjacent to the bus stop. Residents have been suffering for days.,Traffic Hazard,13.022376,77.539911,Area H,2026-08-30 23:37:07,Resolved
PRM-1421,Obstacle on roadway: hanging overhead cable across traffic adjacent to the bus stop. Request the municipal team to address this today.,Traffic Hazard,12.933196,77.619942,Area B,2026-08-30 23:57:21,Pending Verification
PRM-1325,Report of large cave-in at the 3rd cross junction. It is traffic slowdown during peak hours. Please inspect road quality.,Pothole,13.008517,77.559356,Area E,2026-08-31 00:24:36,Resolved
PRM-1237,Faulty street lamp pole near the metro pillar is completely unlit for several days. Action required before a major accident occurs.,Streetlight,12.938551,77.618294,Area B,2026-08-31 01:14:10,Open
PRM-1504,Sanitary emergency with blocked sewage drain behind the grocery supermarket. entering ground floor residential compounds. Request the municipal team to address this today.,Sewage,13.001561,77.564539,Area E,2026-08-31 01:20:21,Open
PRM-1722,Dangerous road condition: deep crater observed behind the grocery supermarket along the service lane. It is severe accident risk for daily commuters.,Pothole,12.969314,77.593325,Area A,2026-08-31 01:36:25,Pending Verification
PRM-1705,Report of massive pothole behind the grocery supermarket. It is heavy vehicle damage. Please inspect road quality.,Pothole,12.975593,77.590239,Area A,2026-08-31 01:59:41,Open
PRM-1137,"Severe damaged fire hydrant pipe leakage near the government clinic, flooding the main thoroughfare. Residents have been suffering for days.",Water Leakage,12.950849,77.691076,Area F,2026-08-31 02:46:55,Resolved
PRM-1425,Report of large cave-in behind the grocery supermarket. It is severe accident risk for daily commuters. Please inspect road quality.,Pothole,12.966412,77.699954,Area F,2026-08-31 02:53:31,Open
PRM-1494,Motorists facing hazard due to deep crater on service lane. Kindly resolve on urgent priority.,Pothole,12.912187,77.65038,Area D,2026-08-31 04:04:55,Open
PRM-1694,Dangerous road condition: deep crater observed adjacent to the bus stop along the highway junction. It is danger to school buses.,Pothole,12.966882,77.591747,Area A,2026-08-31 07:06:48,In Progress
PRM-1717,Motorists facing hazard due to cluster of sharp potholes on residential street. Please fix immediately.,Pothole,12.970988,77.593311,Area A,2026-08-31 08:02:37,In Progress
PRM-1391,Commuter alert: broken road divider jutting onto carriageway reported on bus route behind the grocery supermarket. Please fix immediately.,Traffic Hazard,13.023861,77.542138,Area H,2026-08-31 08:56:35,Open
PRM-1718,A cluster of sharp potholes on main road close to the primary school is severe accident risk for daily commuters. Kindly resolve on urgent priority.,Pothole,12.975762,77.592733,Area A,2026-08-31 11:12:50,Open
PRM-1725,Report of large cave-in near the metro pillar. It is danger to school buses. Please inspect road quality.,Pothole,12.971136,77.593291,Area A,2026-08-31 12:46:54,Open
PRM-1374,Huge pile of household waste has piled up near the government clinic. It is emitting intolerable foul odor. Action required before a major accident occurs.,Garbage,12.970103,77.601498,Area A,2026-08-31 13:41:00,Open
PRM-1706,Dangerous road condition: cluster of sharp potholes observed behind the grocery supermarket along the market lane. It is severe accident risk for daily commuters.,Pothole,12.967645,77.592371,Area A,2026-08-31 14:12:31,Resolved
PRM-1695,Deep crater formed on cross road near the metro pillar. traffic slowdown during peak hours. Kindly resolve on urgent priority.,Pothole,12.970699,77.597288,Area A,2026-08-31 14:47:28,Open
PRM-1692,Dangerous road condition: large cave-in observed at the 3rd cross junction along the inner lane. It is danger to school buses.,Pothole,12.969753,77.591292,Area A,2026-08-31 15:28:24,Open
PRM-1699,Report of deep crater behind the grocery supermarket. It is severe accident risk for daily commuters. Please inspect road quality.,Pothole,12.971611,77.592138,Area A,2026-08-31 16:06:53,Open
PRM-1267,Severe road obstruction: fallen tree branches blocking lanes on bus route opposite the community park. Action required before a major accident occurs.,Traffic Hazard,12.933542,77.621795,Area B,2026-08-31 16:53:57,Resolved
PRM-1037,Commuter alert: unmarked construction barrier reported on highway junction near the government clinic. Action required before a major accident occurs.,Traffic Hazard,13.003782,77.559669,Area E,2026-08-31 18:04:45,Resolved
PRM-1796,Citizen follow-up: Report of deep crater behind the grocery supermarket. It is severe accident risk for daily commuters. Please inspect road quality.,Pothole,12.971058,77.592383,Area A,2026-08-31 18:30:53,Open
PRM-1704,Dangerous road condition: deep crater observed close to the primary school along the residential street. It is danger to school buses.,Pothole,12.975905,77.596219,Area A,2026-08-31 19:19:23,In Progress
PRM-1713,A uneven broken tarmac on bus route near the government clinic is traffic slowdown during peak hours. Please fix immediately.,Pothole,12.970708,77.59368,Area A,2026-08-31 19:23:40,Open
PRM-1710,A cluster of sharp potholes on cross road behind the grocery supermarket is severe accident risk for daily commuters. Please fix immediately.,Pothole,12.971918,77.594863,Area A,2026-08-31 19:47:50,Resolved
PRM-1594,Urgent repair needed: broken roadside valve leaking heavily adjacent to the bus stop. creating heavy mud and waterlogging.,Water Leakage,12.908233,77.642347,Area D,2026-08-31 20:29:27,Open
PRM-1405,Unattended overflowing open dumpster at the 3rd cross junction. Not cleared for multiple days and is blocking pedestrian footpath. Action required before a major accident occurs.,Garbage,12.984896,77.605694,Area C,2026-08-31 21:13:34,In Progress
PRM-1696,Deep crater formed on inner lane at the 3rd cross junction. causing two-wheelers to skid. Request the municipal team to address this today.,Pothole,12.971519,77.599718,Area A,2026-08-31 21:26:51,Resolved
PRM-1737,A large cave-in on highway junction behind the grocery supermarket is severe accident risk for daily commuters. Kindly resolve on urgent priority.,Pothole,12.973217,77.596871,Area A,2026-08-31 23:44:04,Pending Verification
PRM-1690,Dangerous road condition: large cave-in observed near the metro pillar along the main road. It is heavy vehicle damage.,Pothole,12.97115,77.592772,Area A,2026-09-01 00:26:51,Open
PRM-1119,Severe road obstruction: blind turn blocked by unauthorized parked trucks on highway junction at the 3rd cross junction. Action required before a major accident occurs.,Traffic Hazard,12.987123,77.604351,Area C,2026-09-01 01:02:08,Pending Verification
PRM-1036,Sanitary emergency with stagnant sewer runoff close to the primary school. extreme risk of dengue and waterborne diseases. Request the municipal team to address this today.,Sewage,12.964017,77.698397,Area F,2026-09-01 01:32:27,Resolved
PRM-1054,Continuous leak from underground drinking water line on residential street opposite the community park. It is flooding the main thoroughfare.,Water Leakage,12.923,77.561438,Area G,2026-09-01 01:48:13,In Progress
PRM-1138,Filthy wastewater flooding main road due to overflowing manhole opposite the community park. inundating the entire lane.,Sewage,13.030698,77.545845,Area H,2026-09-01 02:09:52,Open
PRM-1716,A uneven broken tarmac on cross road close to the primary school is heavy vehicle damage. Request the municipal team to address this today.,Pothole,12.97577,77.598436,Area A,2026-09-01 02:13:51,Open
PRM-1384,Faulty street lamp pole near the metro pillar is completely unlit for several days. Residents have been suffering for days.,Streetlight,12.905883,77.647643,Area D,2026-09-01 02:46:20,In Progress
PRM-1700,Deep crater formed on market lane near the government clinic. heavy vehicle damage. Action required before a major accident occurs.,Pothole,12.971321,77.594418,Area A,2026-09-01 02:51:40,In Progress
PRM-1313,No lighting on bus route: Streetlights are damaged pole after storm near the government clinic. unsafe for evening pedestrians.,Streetlight,13.031606,77.547516,Area H,2026-09-01 02:52:49,In Progress
PRM-1697,Deep crater formed on main road close to the primary school. severe accident risk for daily commuters. Residents have been suffering for days.,Pothole,12.973973,77.595675,Area A,2026-09-01 03:03:21,Open
PRM-1724,Report of deep crater behind the grocery supermarket. It is severe accident risk for daily commuters. Please inspect road quality.,Pothole,12.973216,77.591878,Area A,2026-09-01 03:03:23,Open
PRM-1532,Noticeable pile of household waste left open on main road. emitting intolerable foul odor. Request the municipal team to address this today.,Garbage,12.914731,77.650688,Area D,2026-09-01 03:06:27,Open
PRM-1105,Huge uncollected commercial garbage has piled up at the 3rd cross junction. It is choking rainwater roadside gutters. Kindly resolve on urgent priority.,Garbage,12.987587,77.610575,Area C,2026-09-01 03:46:28,Open
PRM-1703,Deep crater formed on residential street close to the primary school. heavy vehicle damage. Request the municipal team to address this today.,Pothole,12.973781,77.594215,Area A,2026-09-01 04:08:34,Open
PRM-1730,Dangerous road condition: dangerous surface depression observed near the metro pillar along the arterial road. It is severe accident risk for daily commuters.,Pothole,12.973639,77.595929,Area A,2026-09-01 04:28:38,In Progress
PRM-1723,A massive pothole on main road at the 3rd cross junction is heavy vehicle damage. Action required before a major accident occurs.,Pothole,12.974778,77.594944,Area A,2026-09-01 04:56:54,Open
PRM-1468,Motorists facing hazard due to cluster of sharp potholes on arterial road. Request the municipal team to address this today.,Pothole,12.926096,77.559487,Area G,2026-09-01 04:58:42,Open
PRM-1698,Dangerous road condition: uneven broken tarmac observed adjacent to the bus stop along the arterial road. It is causing two-wheelers to skid.,Pothole,12.972452,77.594357,Area A,2026-09-01 06:01:05,Open
PRM-1614,Dangerous road condition: cluster of sharp potholes observed near the government clinic along the service lane. It is causing two-wheelers to skid.,Pothole,12.955691,77.701623,Area F,2026-09-01 09:13:29,Open
PRM-1167,"The streetlight near the metro pillar has been flickering constantly, pitch darkness increasing burglary risk. Request the municipal team to address this today.",Streetlight,12.989334,77.602506,Area C,2026-09-01 14:02:53,Open
PRM-1233,Obstacle on roadway: broken road divider jutting onto carriageway behind the grocery supermarket. Residents have been suffering for days.,Traffic Hazard,12.927544,77.546374,Area G,2026-09-01 16:35:44,Open
PRM-1275,Obstacle on roadway: hanging overhead cable across traffic near the metro pillar. Kindly resolve on urgent priority.,Traffic Hazard,12.906233,77.645269,Area D,2026-09-01 16:52:35,Resolved
PRM-1404,Commuter alert: defective non-functional traffic signal reported on residential street at the 3rd cross junction. Request the municipal team to address this today.,Traffic Hazard,13.009976,77.565449,Area E,2026-09-01 17:12:12,Open
PRM-1023,"Severe drainage issue: overflowing manhole beside the public library, spreading foul stench throughout the locality. Action required before a major accident occurs.",Sewage,12.911555,77.641957,Area D,2026-09-01 17:31:16,Open
PRM-1525,Severe road obstruction: blind turn blocked by unauthorized parked trucks on bus route beside the public library. Please fix immediately.,Traffic Hazard,12.985304,77.606227,Area C,2026-09-01 18:03:47,Open
PRM-1278,"Severe drainage issue: broken underground drainage pipe adjacent to the bus stop, inundating the entire lane. Action required before a major accident occurs.",Sewage,13.007264,77.561225,Area E,2026-09-01 20:21:23,Resolved
PRM-1639,Commuter alert: blind turn blocked by unauthorized parked trucks reported on highway junction opposite the community park. Action required before a major accident occurs.,Traffic Hazard,12.930616,77.616695,Area B,2026-09-01 21:50:44,Pending Verification
PRM-1440,Huge overflowing open dumpster has piled up close to the primary school. It is emitting intolerable foul odor. Please fix immediately.,Garbage,12.937351,77.625008,Area B,2026-09-01 21:58:39,Pending Verification
PRM-1611,A deep crater on arterial road near the government clinic is danger to school buses. Request the municipal team to address this today.,Pothole,12.910931,77.645046,Area D,2026-09-01 22:42:45,Open
PRM-1467,Dark street safety concern: Streetlight near the metro pillar is dim and non-functional. unsafe for evening pedestrians. Please fix immediately.,Streetlight,12.957125,77.701739,Area F,2026-09-01 23:14:50,In Progress
PRM-1127,Traffic safety threat: fallen tree branches blocking lanes near the metro pillar causing massive gridlock and safety hazard.,Traffic Hazard,13.001967,77.563333,Area E,2026-09-01 23:37:09,Open
PRM-1536,"Manhole backing up: stagnant sewer runoff on bus route near the government clinic, inundating the entire lane. Please fix immediately.",Sewage,12.925377,77.556358,Area G,2026-09-02 00:26:54,In Progress
PRM-1586,No lighting on highway junction: Streetlights are broken bulb and hanging wires adjacent to the bus stop. pitch darkness increasing burglary risk.,Streetlight,12.962614,77.59483,Area A,2026-09-02 00:29:39,Open
PRM-1547,Deep crater formed on residential street beside the public library. danger to school buses. Request the municipal team to address this today.,Pothole,12.986129,77.604206,Area C,2026-09-02 00:42:56,Resolved
PRM-1408,Traffic safety threat: blind turn blocked by unauthorized parked trucks near the government clinic causing massive gridlock and safety hazard.,Traffic Hazard,13.030824,77.542879,Area H,2026-09-02 01:30:14,Open
PRM-1211,Huge pile of household waste has piled up beside the public library. It is attracting stray dogs and pests. Kindly resolve on urgent priority.,Garbage,12.981122,77.604097,Area C,2026-09-02 02:43:41,Open
PRM-1255,Motorists facing hazard due to massive pothole on highway junction. Residents have been suffering for days.,Pothole,13.03899,77.545561,Area H,2026-09-02 03:16:41,Resolved
PRM-1080,Motorists facing hazard due to massive pothole on highway junction. Residents have been suffering for days.,Pothole,13.030316,77.542404,Area H,2026-09-02 05:03:50,Resolved
PRM-1113,"Severe drainage issue: blocked sewage drain opposite the community park, spreading foul stench throughout the locality. Action required before a major accident occurs.",Sewage,12.968118,77.597464,Area A,2026-09-02 06:16:47,Resolved
PRM-1326,Dangerous road condition: uneven broken tarmac observed beside the public library along the inner lane. It is danger to school buses.,Pothole,13.029114,77.541898,Area H,2026-09-02 07:43:44,Open
PRM-1799,Hazardous road condition: uneven broken tarmac observed beside the public library along the inner lane. It is danger to school buses.,Pothole,13.029293,77.541768,Area H,2026-09-02 09:20:44,Open
PRM-1175,Continuous leak from underground drinking water line on service lane opposite the community park. It is creating heavy mud and waterlogging.,Water Leakage,12.919409,77.558706,Area G,2026-09-02 14:39:18,Resolved
PRM-1632,"Severe damaged fire hydrant pipe leakage opposite the community park, wasting thousands of liters of clean water. Kindly resolve on urgent priority.",Water Leakage,12.967684,77.592263,Area A,2026-09-02 15:03:17,Open
PRM-1417,"Severe underground drinking water line leakage adjacent to the bus stop, wasting thousands of liters of clean water. Request the municipal team to address this today.",Water Leakage,12.932724,77.5676,Area G,2026-09-02 15:04:41,Open
PRM-1627,Huge pile of household waste has piled up beside the public library. It is choking rainwater roadside gutters. Residents have been suffering for days.,Garbage,13.003385,77.569756,Area E,2026-09-02 16:07:49,Pending Verification
PRM-1184,Sanitary emergency with overflowing manhole at the 3rd cross junction. spreading foul stench throughout the locality. Request the municipal team to address this today.,Sewage,12.937536,77.626417,Area B,2026-09-02 16:39:02,Open
PRM-1502,Public health concern: scattered plastic debris near the metro pillar is choking rainwater roadside gutters. Kindly arrange garbage truck.,Garbage,12.971219,77.601806,Area A,2026-09-02 16:54:02,Open
PRM-1379,Noticeable construction and demolition debris left open on cross road. choking rainwater roadside gutters. Kindly resolve on urgent priority.,Garbage,12.909065,77.640284,Area D,2026-09-02 17:08:19,Pending Verification
PRM-1566,"Sanitation failure: pile of household waste dumped along residential street beside the public library, choking rainwater roadside gutters.",Garbage,12.970364,77.604817,Area A,2026-09-02 17:35:41,Open
PRM-1604,"Manhole backing up: blocked sewage drain on service lane beside the public library, extreme risk of dengue and waterborne diseases. Residents have been suffering for days.",Sewage,12.99927,77.562031,Area E,2026-09-02 18:00:09,Pending Verification
PRM-1458,Unattended rotten vegetable and food waste adjacent to the bus stop. Not cleared for multiple days and is emitting intolerable foul odor. Residents have been suffering for days.,Garbage,12.954102,77.703521,Area F,2026-09-02 18:04:23,In Progress
PRM-1191,Severe road obstruction: hanging overhead cable across traffic on cross road at the 3rd cross junction. Kindly resolve on urgent priority.,Traffic Hazard,13.00796,77.561887,Area E,2026-09-02 18:15:19,Open
PRM-1303,High risk of collision: hanging overhead cable across traffic near the government clinic along inner lane. Please clear the road.,Traffic Hazard,12.92427,77.559923,Area G,2026-09-02 18:30:29,Open
PRM-1172,Severe road obstruction: broken road divider jutting onto carriageway on cross road at the 3rd cross junction. Please fix immediately.,Traffic Hazard,13.026799,77.549905,Area H,2026-09-02 18:34:36,In Progress
PRM-1476,Open overflowing manhole at the 3rd cross junction is entering ground floor residential compounds. Please deploy sewage suction vehicle immediately.,Sewage,12.961211,77.695619,Area F,2026-09-02 18:43:44,In Progress
PRM-1200,Obstacle on roadway: broken road divider jutting onto carriageway behind the grocery supermarket. Request the municipal team to address this today.,Traffic Hazard,12.934671,77.620102,Area B,2026-09-02 19:04:50,In Progress
PRM-1331,Commuter alert: unmarked construction barrier reported on residential street close to the primary school. Residents have been suffering for days.,Traffic Hazard,13.027791,77.541377,Area H,2026-09-02 19:06:20,Open
PRM-1554,Public health concern: uncollected commercial garbage adjacent to the bus stop is posing health hazards to residents. Kindly arrange garbage truck.,Garbage,13.028354,77.542474,Area H,2026-09-02 19:35:33,Resolved
PRM-1182,Filthy wastewater flooding market lane due to stagnant sewer runoff near the government clinic. inundating the entire lane.,Sewage,12.907896,77.641849,Area D,2026-09-02 22:46:29,Open
PRM-1033,Traffic safety threat: broken road divider jutting onto carriageway behind the grocery supermarket causing massive gridlock and safety hazard.,Traffic Hazard,12.983229,77.602253,Area C,2026-09-02 23:05:52,Open
PRM-1092,Open broken underground drainage pipe behind the grocery supermarket is spreading foul stench throughout the locality. Please deploy sewage suction vehicle immediately.,Sewage,12.934108,77.626103,Area B,2026-09-02 23:33:42,Open
PRM-1585,Commuter alert: unmarked construction barrier reported on inner lane near the government clinic. Request the municipal team to address this today.,Traffic Hazard,12.912904,77.641033,Area D,2026-09-03 00:29:38,Open
PRM-1459,Filthy wastewater flooding market lane due to stagnant sewer runoff opposite the community park. entering ground floor residential compounds.,Sewage,12.99964,77.565639,Area E,2026-09-03 00:56:04,Open
PRM-1392,Severe road obstruction: broken road divider jutting onto carriageway on main road opposite the community park. Request the municipal team to address this today.,Traffic Hazard,12.963637,77.702794,Area F,2026-09-03 02:19:21,Open
PRM-1642,"Illumination needed on highway junction opposite the community park. Lamps are completely unlit for several days, unsafe for evening pedestrians.",Streetlight,12.923285,77.559653,Area G,2026-09-03 02:33:42,Open
PRM-1306,Filthy wastewater flooding bus route due to blocked sewage drain close to the primary school. entering ground floor residential compounds.,Sewage,12.931435,77.627354,Area B,2026-09-03 02:51:39,In Progress
PRM-1064,Urgent repair needed: damaged fire hydrant pipe leaking heavily at the 3rd cross junction. creating heavy mud and waterlogging.,Water Leakage,13.006052,77.560008,Area E,2026-09-03 03:28:34,In Progress
PRM-1269,High risk of collision: fallen tree branches blocking lanes opposite the community park along cross road. Please clear the road.,Traffic Hazard,13.027856,77.541159,Area H,2026-09-03 04:53:36,Resolved
PRM-1281,Severe road obstruction: blind turn blocked by unauthorized parked trucks on bus route near the metro pillar. Residents have been suffering for days.,Traffic Hazard,12.935807,77.620165,Area B,2026-09-03 05:08:31,Resolved
PRM-1187,"The streetlight behind the grocery supermarket has been flickering constantly, pitch darkness increasing burglary risk. Residents have been suffering for days.",Streetlight,12.957103,77.701495,Area F,2026-09-03 10:21:41,Open
PRM-1089,Dark street safety concern: Streetlight at the 3rd cross junction is flickering constantly. pitch darkness increasing burglary risk. Please fix immediately.,Streetlight,12.967063,77.590894,Area A,2026-09-03 11:17:44,In Progress
PRM-1247,Clean drinking water wastage: broken roadside valve burst near the metro pillar and is causing low pressure in neighborhood homes. Request the municipal team to address this today.,Water Leakage,12.928289,77.560505,Area G,2026-09-03 12:56:56,Open
PRM-1339,Huge rotten vegetable and food waste has piled up opposite the community park. It is emitting intolerable foul odor. Request the municipal team to address this today.,Garbage,12.907112,77.636514,Area D,2026-09-03 14:10:25,Open
PRM-1410,"Severe drainage issue: broken underground drainage pipe adjacent to the bus stop, inundating the entire lane. Request the municipal team to address this today.",Sewage,12.980925,77.604796,Area C,2026-09-03 15:35:41,Open
PRM-1555,"Illumination needed on service lane behind the grocery supermarket. Lamps are broken bulb and hanging wires, making the street unsafe for women at night.",Streetlight,12.986285,77.606643,Area C,2026-09-03 15:45:32,Resolved
PRM-1248,Continuous leak from broken roadside valve on residential street adjacent to the bus stop. It is creating heavy mud and waterlogging.,Water Leakage,13.002418,77.569069,Area E,2026-09-03 15:55:14,In Progress
PRM-1630,Severe road obstruction: broken road divider jutting onto carriageway on market lane behind the grocery supermarket. Kindly resolve on urgent priority.,Traffic Hazard,12.926754,77.559604,Area G,2026-09-03 16:11:32,Open
PRM-1358,Obstacle on roadway: defective non-functional traffic signal near the metro pillar. Kindly resolve on urgent priority.,Traffic Hazard,12.922228,77.552109,Area G,2026-09-03 17:23:14,In Progress
PRM-1616,Commuter alert: fallen tree branches blocking lanes reported on market lane opposite the community park. Action required before a major accident occurs.,Traffic Hazard,12.92021,77.546565,Area G,2026-09-03 18:40:48,In Progress
PRM-1118,Clean drinking water wastage: municipal supply pipeline burst near the government clinic and is creating heavy mud and waterlogging. Please fix immediately.,Water Leakage,13.024631,77.538366,Area H,2026-09-03 19:02:46,Open
PRM-1266,Deep crater formed on residential street adjacent to the bus stop. causing two-wheelers to skid. Kindly resolve on urgent priority.,Pothole,12.934745,77.623843,Area B,2026-09-03 20:24:07,Open
PRM-1002,Unattended scattered plastic debris close to the primary school. Not cleared for multiple days and is blocking pedestrian footpath. Request the municipal team to address this today.,Garbage,12.965717,77.592217,Area A,2026-09-03 20:28:37,Open
PRM-1035,A large cave-in on market lane close to the primary school is danger to school buses. Request the municipal team to address this today.,Pothole,12.926305,77.563285,Area G,2026-09-03 21:35:15,Pending Verification
PRM-1181,"Sanitation failure: uncollected commercial garbage dumped along inner lane beside the public library, blocking pedestrian footpath.",Garbage,12.928156,77.555552,Area G,2026-09-03 21:36:50,Open
PRM-1024,"Sanitation failure: rotten vegetable and food waste dumped along bus route near the metro pillar, choking rainwater roadside gutters.",Garbage,13.005578,77.56817,Area E,2026-09-03 22:07:04,Open
PRM-1043,"Illumination needed on service lane close to the primary school. Lamps are completely unlit for several days, making the street unsafe for women at night.",Streetlight,12.932619,77.623403,Area B,2026-09-04 01:10:38,Pending Verification
PRM-1608,"Manhole backing up: overflowing manhole on highway junction beside the public library, extreme risk of dengue and waterborne diseases. Please fix immediately.",Sewage,12.970084,77.594967,Area A,2026-09-04 01:24:21,Open
PRM-1435,Deep crater formed on market lane adjacent to the bus stop. causing two-wheelers to skid. Request the municipal team to address this today.,Pothole,12.96999,77.591894,Area A,2026-09-04 04:36:00,In Progress
PRM-1463,"Sanitation failure: scattered plastic debris dumped along highway junction opposite the community park, choking rainwater roadside gutters.",Garbage,13.004325,77.566762,Area E,2026-09-04 04:50:09,Open
PRM-1230,Water overflowing onto highway junction from damaged broken roadside valve adjacent to the bus stop. flooding the main thoroughfare. Residents have been suffering for days.,Water Leakage,12.95682,77.700508,Area F,2026-09-04 05:36:09,In Progress
PRM-1493,Motorists facing hazard due to cluster of sharp potholes on arterial road. Request the municipal team to address this today.,Pothole,12.986925,77.601834,Area C,2026-09-04 11:57:40,Open
PRM-1157,Urgent repair needed: municipal supply pipeline leaking heavily behind the grocery supermarket. wasting thousands of liters of clean water.,Water Leakage,12.983489,77.614295,Area C,2026-09-04 15:51:42,In Progress
PRM-1610,"Severe drainage issue: black toxic wastewater backup close to the primary school, entering ground floor residential compounds. Request the municipal team to address this today.",Sewage,12.936109,77.626348,Area B,2026-09-04 16:42:48,Open
PRM-1430,Deep crater formed on service lane near the metro pillar. severe accident risk for daily commuters. Residents have been suffering for days.,Pothole,12.933732,77.621079,Area B,2026-09-04 17:02:01,Pending Verification
PRM-1626,Clean drinking water wastage: damaged fire hydrant pipe burst close to the primary school and is creating heavy mud and waterlogging. Action required before a major accident occurs.,Water Leakage,12.96627,77.587175,Area A,2026-09-04 17:02:58,Pending Verification
PRM-1621,Dangerous road condition: dangerous surface depression observed near the government clinic along the residential street. It is severe accident risk for daily commuters.,Pothole,12.924359,77.552787,Area G,2026-09-04 17:11:38,Open
PRM-1020,Dark street safety concern: Streetlight at the 3rd cross junction is completely unlit for several days. unsafe for evening pedestrians. Please fix immediately.,Streetlight,12.95848,77.699922,Area F,2026-09-04 17:25:08,In Progress
PRM-1623,Report of uneven broken tarmac beside the public library. It is traffic slowdown during peak hours. Please inspect road quality.,Pothole,13.001396,77.563203,Area E,2026-09-04 17:29:19,Open
PRM-1487,Sanitary emergency with stagnant sewer runoff beside the public library. inundating the entire lane. Action required before a major accident occurs.,Sewage,12.930373,77.561521,Area G,2026-09-04 18:45:49,Pending Verification
PRM-1790,Complaint reminder: Report of uneven broken tarmac beside the public library. It is traffic slowdown during peak hours. Please inspect road quality.,Pothole,13.001443,77.563512,Area E,2026-09-04 19:44:19,Open
PRM-1179,Faulty street lamp pole close to the primary school is completely unlit for several days. Action required before a major accident occurs.,Streetlight,12.929022,77.631862,Area B,2026-09-04 21:39:12,Open
PRM-1360,Deep crater formed on highway junction close to the primary school. danger to school buses. Residents have been suffering for days.,Pothole,12.913853,77.644157,Area D,2026-09-04 22:12:12,Open
PRM-1385,A dangerous surface depression on highway junction near the government clinic is heavy vehicle damage. Request the municipal team to address this today.,Pothole,12.908114,77.644129,Area D,2026-09-04 22:33:48,Resolved
PRM-1420,Motorists facing hazard due to uneven broken tarmac on market lane. Residents have been suffering for days.,Pothole,13.029587,77.540511,Area H,2026-09-04 22:54:48,Open
PRM-1256,"Manhole backing up: broken underground drainage pipe on arterial road beside the public library, entering ground floor residential compounds. Please fix immediately.",Sewage,12.921678,77.551086,Area G,2026-09-05 00:18:16,Open
PRM-1103,Urgent repair needed: broken roadside valve leaking heavily at the 3rd cross junction. causing low pressure in neighborhood homes.,Water Leakage,12.981383,77.59841,Area C,2026-09-05 00:33:05,Open
PRM-1574,Continuous leak from underground drinking water line on service lane close to the primary school. It is causing low pressure in neighborhood homes.,Water Leakage,13.029258,77.543204,Area H,2026-09-05 00:38:36,Pending Verification
PRM-1073,Huge pile of household waste has piled up near the government clinic. It is choking rainwater roadside gutters. Request the municipal team to address this today.,Garbage,12.907735,77.640455,Area D,2026-09-05 00:53:08,Open
PRM-1452,Unattended overflowing open dumpster behind the grocery supermarket. Not cleared for multiple days and is choking rainwater roadside gutters. Residents have been suffering for days.,Garbage,13.029682,77.538135,Area H,2026-09-05 01:15:15,Resolved
PRM-1203,"Severe overhead connection pipe leakage near the metro pillar, wasting thousands of liters of clean water. Kindly resolve on urgent priority.",Water Leakage,12.990313,77.606792,Area C,2026-09-05 01:27:41,Open
PRM-1328,Traffic safety threat: fallen tree branches blocking lanes at the 3rd cross junction causing massive gridlock and safety hazard.,Traffic Hazard,12.90943,77.644617,Area D,2026-09-05 03:13:14,Open
PRM-1800,Traffic safety threat: fallen tree branches blocking lanes at the 3rd cross junction leading to massive gridlock and safety hazard.,Traffic Hazard,12.909029,77.644386,Area D,2026-09-05 05:26:14,Open
PRM-1317,Sanitary emergency with black toxic wastewater backup beside the public library. inundating the entire lane. Kindly resolve on urgent priority.,Sewage,12.924879,77.556618,Area G,2026-09-05 08:33:07,Open
PRM-1453,Faulty street lamp pole adjacent to the bus stop is flickering constantly. Request the municipal team to address this today.,Streetlight,12.97597,77.595724,Area A,2026-09-05 12:33:25,In Progress
PRM-1091,"Manhole backing up: stagnant sewer runoff on arterial road adjacent to the bus stop, inundating the entire lane. Residents have been suffering for days.",Sewage,12.936929,77.622944,Area B,2026-09-05 13:05:17,Open
PRM-1607,A dangerous surface depression on bus route at the 3rd cross junction is severe accident risk for daily commuters. Request the municipal team to address this today.,Pothole,12.915559,77.642366,Area D,2026-09-05 15:23:04,Open
PRM-1520,Faulty street lamp pole behind the grocery supermarket is completely unlit for several days. Kindly resolve on urgent priority.,Streetlight,12.979829,77.616838,Area C,2026-09-05 16:54:59,Open
PRM-1335,Water overflowing onto residential street from damaged overhead connection pipe at the 3rd cross junction. wasting thousands of liters of clean water. Please fix immediately.,Water Leakage,13.028955,77.539374,Area H,2026-09-05 17:23:35,Open
PRM-1352,Obstacle on roadway: unmarked construction barrier near the metro pillar. Please fix immediately.,Traffic Hazard,13.027124,77.53875,Area H,2026-09-05 17:31:05,In Progress
PRM-1349,Continuous leak from municipal supply pipeline on main road behind the grocery supermarket. It is weakening road foundation.,Water Leakage,12.925863,77.554402,Area G,2026-09-05 17:49:28,In Progress
PRM-1327,Continuous leak from underground drinking water line on market lane at the 3rd cross junction. It is weakening road foundation.,Water Leakage,12.911163,77.648526,Area D,2026-09-05 19:35:59,Open
PRM-1496,Motorists facing hazard due to large cave-in on arterial road. Request the municipal team to address this today.,Pothole,12.909668,77.648655,Area D,2026-09-05 19:39:19,Resolved
PRM-1561,Sanitary emergency with blocked sewage drain near the metro pillar. entering ground floor residential compounds. Action required before a major accident occurs.,Sewage,12.976285,77.593312,Area A,2026-09-05 21:01:07,Resolved
PRM-1297,A large cave-in on inner lane opposite the community park is heavy vehicle damage. Action required before a major accident occurs.,Pothole,12.968099,77.590291,Area A,2026-09-05 23:44:54,In Progress
PRM-1097,Public health concern: construction and demolition debris adjacent to the bus stop is choking rainwater roadside gutters. Kindly arrange garbage truck.,Garbage,13.005067,77.569637,Area E,2026-09-06 00:11:49,Open
PRM-1546,"Severe drainage issue: blocked sewage drain at the 3rd cross junction, inundating the entire lane. Request the municipal team to address this today.",Sewage,12.960057,77.699503,Area F,2026-09-06 00:33:04,Open
PRM-1162,Faulty street lamp pole at the 3rd cross junction is completely unlit for several days. Action required before a major accident occurs.,Streetlight,12.97341,77.592758,Area A,2026-09-06 01:35:13,Pending Verification
PRM-1151,Continuous leak from broken roadside valve on service lane adjacent to the bus stop. It is wasting thousands of liters of clean water.,Water Leakage,12.922272,77.547764,Area G,2026-09-06 02:52:13,Pending Verification
PRM-1206,Public health concern: overflowing open dumpster opposite the community park is emitting intolerable foul odor. Kindly arrange garbage truck.,Garbage,13.026356,77.543128,Area H,2026-09-06 04:39:43,In Progress
PRM-1209,"Severe drainage issue: blocked sewage drain near the metro pillar, spreading foul stench throughout the locality. Action required before a major accident occurs.",Sewage,12.920879,77.560737,Area G,2026-09-06 05:49:04,Pending Verification
PRM-1096,"Illumination needed on bus route behind the grocery supermarket. Lamps are damaged pole after storm, pitch darkness increasing burglary risk.",Streetlight,13.003225,77.56167,Area E,2026-09-06 14:40:07,Open
PRM-1006,Commuter alert: broken road divider jutting onto carriageway reported on arterial road near the government clinic. Please fix immediately.,Traffic Hazard,12.909027,77.637545,Area D,2026-09-06 17:02:51,Pending Verification
PRM-1462,"Severe drainage issue: stagnant sewer runoff at the 3rd cross junction, entering ground floor residential compounds. Action required before a major accident occurs.",Sewage,12.987747,77.602959,Area C,2026-09-06 17:23:18,In Progress
PRM-1213,"Severe drainage issue: broken underground drainage pipe beside the public library, spreading foul stench throughout the locality. Action required before a major accident occurs.",Sewage,13.004339,77.566307,Area E,2026-09-06 17:56:07,Open
PRM-1422,Sanitary emergency with stagnant sewer runoff near the government clinic. entering ground floor residential compounds. Please fix immediately.,Sewage,12.947055,77.705843,Area F,2026-09-06 18:02:44,In Progress
PRM-1549,Commuter alert: unmarked construction barrier reported on service lane near the metro pillar. Residents have been suffering for days.,Traffic Hazard,13.025289,77.532987,Area H,2026-09-06 20:12:56,Open
PRM-1046,Sanitary emergency with overflowing manhole at the 3rd cross junction. extreme risk of dengue and waterborne diseases. Kindly resolve on urgent priority.,Sewage,12.996597,77.558522,Area E,2026-09-06 21:52:46,Resolved
PRM-1241,Clean drinking water wastage: broken roadside valve burst beside the public library and is creating heavy mud and waterlogging. Kindly resolve on urgent priority.,Water Leakage,12.933245,77.624828,Area B,2026-09-06 21:57:42,Open
PRM-1189,Noticeable overflowing open dumpster left open on cross road. posing health hazards to residents. Action required before a major accident occurs.,Garbage,12.910995,77.650741,Area D,2026-09-06 22:51:55,Open
PRM-1082,Motorists facing hazard due to uneven broken tarmac on main road. Request the municipal team to address this today.,Pothole,12.974148,77.597375,Area A,2026-09-06 23:01:11,Resolved
PRM-1221,Continuous leak from overhead connection pipe on market lane adjacent to the bus stop. It is wasting thousands of liters of clean water.,Water Leakage,12.914501,77.645818,Area D,2026-09-06 23:09:06,In Progress
PRM-1185,Unattended scattered plastic debris adjacent to the bus stop. Not cleared for multiple days and is posing health hazards to residents. Please fix immediately.,Garbage,12.908344,77.645931,Area D,2026-09-06 23:32:09,Pending Verification
PRM-1571,"Severe drainage issue: stagnant sewer runoff opposite the community park, extreme risk of dengue and waterborne diseases. Action required before a major accident occurs.",Sewage,13.028389,77.535943,Area H,2026-09-07 00:04:34,Open
PRM-1236,Public health concern: uncollected commercial garbage close to the primary school is posing health hazards to residents. Kindly arrange garbage truck.,Garbage,12.910801,77.641118,Area D,2026-09-07 01:03:24,Open
PRM-1025,"Sanitation failure: rotten vegetable and food waste dumped along highway junction opposite the community park, posing health hazards to residents.",Garbage,12.968534,77.602598,Area A,2026-09-07 03:57:22,Pending Verification
PRM-1600,Obstacle on roadway: blind turn blocked by unauthorized parked trucks beside the public library. Kindly resolve on urgent priority.,Traffic Hazard,13.002901,77.56527,Area E,2026-09-07 04:09:21,Open
PRM-1139,Huge scattered plastic debris has piled up behind the grocery supermarket. It is posing health hazards to residents. Residents have been suffering for days.,Garbage,12.923398,77.552372,Area G,2026-09-07 04:55:54,In Progress
PRM-1756,Clean drinking water wastage: damaged fire hydrant pipe burst near the government clinic and is wasting thousands of liters of clean water. Action required before a major accident occurs.,Water Leakage,13.006527,77.563921,Area E,2026-09-07 09:02:04,In Progress
PRM-1749,Urgent repair needed: municipal supply pipeline leaking heavily near the government clinic. flooding the main thoroughfare.,Water Leakage,13.003693,77.566178,Area E,2026-09-07 09:39:06,Open
PRM-1426,High risk of collision: broken road divider jutting onto carriageway adjacent to the bus stop along residential street. Please clear the road.,Traffic Hazard,12.958954,77.702049,Area F,2026-09-07 13:29:25,Open
PRM-1580,High risk of collision: hanging overhead cable across traffic opposite the community park along service lane. Please clear the road.,Traffic Hazard,12.935492,77.623099,Area B,2026-09-07 13:39:40,Open
PRM-1767,"Severe underground drinking water line leakage near the metro pillar, wasting thousands of liters of clean water. Residents have been suffering for days.",Water Leakage,13.004493,77.566355,Area E,2026-09-07 14:42:51,In Progress
PRM-1740,"Severe municipal supply pipeline leakage near the government clinic, creating heavy mud and waterlogging. Residents have been suffering for days.",Water Leakage,12.99595,77.561214,Area E,2026-09-07 15:00:47,Open
PRM-1766,Continuous leak from overhead connection pipe on bus route opposite the community park. It is causing low pressure in neighborhood homes.,Water Leakage,13.000634,77.564209,Area E,2026-09-07 15:10:10,In Progress
PRM-1770,Urgent repair needed: broken roadside valve leaking heavily opposite the community park. causing low pressure in neighborhood homes.,Water Leakage,13.001177,77.561986,Area E,2026-09-07 15:26:46,Resolved
PRM-1282,"Illumination needed on inner lane beside the public library. Lamps are dim and non-functional, pitch darkness increasing burglary risk.",Streetlight,12.984117,77.602693,Area C,2026-09-07 15:42:38,Open
PRM-1775,Continuous leak from underground drinking water line on main road at the 3rd cross junction. It is wasting thousands of liters of clean water.,Water Leakage,13.006191,77.568605,Area E,2026-09-07 16:15:53,In Progress
PRM-1107,"Manhole backing up: overflowing manhole on inner lane opposite the community park, extreme risk of dengue and waterborne diseases. Residents have been suffering for days.",Sewage,12.932106,77.55465,Area G,2026-09-07 16:16:03,Open
PRM-1797,Citizen follow-up: Continuous leak from underground drinking water line on main road at the 3rd cross junction. It is wasting thousands of liters of clean water.,Water Leakage,13.00665,77.568188,Area E,2026-09-07 17:24:53,In Progress
PRM-1196,Motorists facing hazard due to massive pothole on arterial road. Residents have been suffering for days.,Pothole,13.029325,77.539403,Area H,2026-09-07 17:47:37,Resolved
PRM-1741,Clean drinking water wastage: municipal supply pipeline burst at the 3rd cross junction and is flooding the main thoroughfare. Please fix immediately.,Water Leakage,13.001028,77.569869,Area E,2026-09-07 19:37:33,In Progress
PRM-1777,Clean drinking water wastage: damaged fire hydrant pipe burst opposite the community park and is causing low pressure in neighborhood homes. Residents have been suffering for days.,Water Leakage,13.001976,77.565463,Area E,2026-09-07 20:27:11,Open
PRM-1498,Continuous leak from damaged fire hydrant pipe on arterial road beside the public library. It is weakening road foundation.,Water Leakage,12.933233,77.621738,Area B,2026-09-07 20:34:20,In Progress
PRM-1333,Traffic safety threat: fallen tree branches blocking lanes close to the primary school causing massive gridlock and safety hazard.,Traffic Hazard,12.914608,77.638723,Area D,2026-09-07 22:54:24,Open
PRM-1748,Water overflowing onto main road from damaged broken roadside valve beside the public library. creating heavy mud and waterlogging. Please fix immediately.,Water Leakage,13.004629,77.564054,Area E,2026-09-07 23:22:11,Pending Verification
PRM-1782,Water overflowing onto inner lane from damaged municipal supply pipeline behind the grocery supermarket. creating heavy mud and waterlogging. Residents have been suffering for days.,Water Leakage,13.001799,77.560824,Area E,2026-09-07 23:23:29,Open
PRM-1273,Public health concern: uncollected commercial garbage near the metro pillar is posing health hazards to residents. Kindly arrange garbage truck.,Garbage,12.93058,77.627192,Area B,2026-09-08 00:11:39,Open
PRM-1509,Clean drinking water wastage: municipal supply pipeline burst at the 3rd cross junction and is wasting thousands of liters of clean water. Request the municipal team to address this today.,Water Leakage,12.930198,77.551018,Area G,2026-09-08 00:32:04,In Progress
PRM-1407,Obstacle on roadway: broken road divider jutting onto carriageway adjacent to the bus stop. Residents have been suffering for days.,Traffic Hazard,13.025422,77.538589,Area H,2026-09-08 00:42:51,Open
PRM-1781,Continuous leak from broken roadside valve on inner lane at the 3rd cross junction. It is wasting thousands of liters of clean water.,Water Leakage,13.001852,77.565188,Area E,2026-09-08 01:39:46,Open
PRM-1774,"Severe municipal supply pipeline leakage near the metro pillar, weakening road foundation. Residents have been suffering for days.",Water Leakage,13.006335,77.564596,Area E,2026-09-08 02:19:26,Open
PRM-1744,"Severe municipal supply pipeline leakage behind the grocery supermarket, flooding the main thoroughfare. Residents have been suffering for days.",Water Leakage,13.002073,77.561797,Area E,2026-09-08 02:55:24,Resolved
PRM-1204,"Sanitation failure: uncollected commercial garbage dumped along market lane opposite the community park, emitting intolerable foul odor.",Garbage,13.034159,77.54126,Area H,2026-09-08 06:27:44,Resolved
PRM-1552,Sanitary emergency with black toxic wastewater backup at the 3rd cross junction. entering ground floor residential compounds. Action required before a major accident occurs.,Sewage,12.960676,77.597912,Area A,2026-09-08 06:36:45,Resolved
PRM-1753,Clean drinking water wastage: underground drinking water line burst close to the primary school and is creating heavy mud and waterlogging. Request the municipal team to address this today.,Water Leakage,13.001594,77.561488,Area E,2026-09-08 07:18:31,Resolved
PRM-1771,Continuous leak from municipal supply pipeline on arterial road opposite the community park. It is creating heavy mud and waterlogging.,Water Leakage,13.005737,77.566107,Area E,2026-09-08 10:01:14,Open
PRM-1779,"Severe damaged fire hydrant pipe leakage close to the primary school, causing low pressure in neighborhood homes. Please fix immediately.",Water Leakage,13.000379,77.56589,Area E,2026-09-08 10:55:30,Open
PRM-1745,"Severe municipal supply pipeline leakage beside the public library, causing low pressure in neighborhood homes. Request the municipal team to address this today.",Water Leakage,13.002929,77.56592,Area E,2026-09-08 12:44:53,Open
PRM-1754,Water overflowing onto main road from damaged overhead connection pipe adjacent to the bus stop. weakening road foundation. Kindly resolve on urgent priority.,Water Leakage,13.008304,77.568834,Area E,2026-09-08 13:15:35,Open
PRM-1757,Clean drinking water wastage: broken roadside valve burst beside the public library and is wasting thousands of liters of clean water. Residents have been suffering for days.,Water Leakage,13.001663,77.562279,Area E,2026-09-08 13:32:52,Resolved
PRM-1019,Filthy wastewater flooding arterial road due to blocked sewage drain opposite the community park. spreading foul stench throughout the locality.,Sewage,12.989462,77.606666,Area C,2026-09-08 14:04:43,In Progress
PRM-1755,Water overflowing onto cross road from damaged broken roadside valve beside the public library. flooding the main thoroughfare. Kindly resolve on urgent priority.,Water Leakage,13.004661,77.571316,Area E,2026-09-08 14:15:09,Pending Verification
PRM-1778,Urgent repair needed: damaged fire hydrant pipe leaking heavily near the government clinic. wasting thousands of liters of clean water.,Water Leakage,13.004396,77.568347,Area E,2026-09-08 15:12:35,In Progress
PRM-1556,Open black toxic wastewater backup close to the primary school is extreme risk of dengue and waterborne diseases. Please deploy sewage suction vehicle immediately.,Sewage,12.957773,77.70005,Area F,2026-09-08 15:23:36,Pending Verification
PRM-1752,Water overflowing onto arterial road from damaged damaged fire hydrant pipe near the metro pillar. flooding the main thoroughfare. Residents have been suffering for days.,Water Leakage,13.00467,77.558156,Area E,2026-09-08 15:26:54,Open
PRM-1431,Obstacle on roadway: unmarked construction barrier opposite the community park. Kindly resolve on urgent priority.,Traffic Hazard,12.934673,77.622547,Area B,2026-09-08 15:42:48,Open
PRM-1108,Public health concern: pile of household waste near the metro pillar is posing health hazards to residents. Kindly arrange garbage truck.,Garbage,12.998741,77.566003,Area E,2026-09-08 15:58:14,In Progress
PRM-1746,"Severe overhead connection pipe leakage opposite the community park, flooding the main thoroughfare. Request the municipal team to address this today.",Water Leakage,12.999944,77.560312,Area E,2026-09-08 17:28:09,Open
PRM-1776,"Severe overhead connection pipe leakage near the government clinic, creating heavy mud and waterlogging. Request the municipal team to address this today.",Water Leakage,13.005134,77.563772,Area E,2026-09-08 18:40:24,Open
PRM-1174,Sanitary emergency with black toxic wastewater backup at the 3rd cross junction. inundating the entire lane. Please fix immediately.,Sewage,12.960046,77.702419,Area F,2026-09-08 19:49:39,In Progress
PRM-1318,Unattended rotten vegetable and food waste behind the grocery supermarket. Not cleared for multiple days and is choking rainwater roadside gutters. Request the municipal team to address this today.,Garbage,12.923126,77.553707,Area G,2026-09-08 20:23:39,In Progress
PRM-1362,Clean drinking water wastage: damaged fire hydrant pipe burst behind the grocery supermarket and is causing low pressure in neighborhood homes. Request the municipal team to address this today.,Water Leakage,12.94309,77.696798,Area F,2026-09-08 20:40:27,Open
PRM-1764,Water overflowing onto inner lane from damaged damaged fire hydrant pipe at the 3rd cross junction. creating heavy mud and waterlogging. Kindly resolve on urgent priority.,Water Leakage,13.004507,77.559862,Area E,2026-09-08 21:21:55,Open
PRM-1309,Traffic safety threat: unmarked construction barrier beside the public library causing massive gridlock and safety hazard.,Traffic Hazard,12.921041,77.56056,Area G,2026-09-08 22:24:58,In Progress
PRM-1539,Severe road obstruction: broken road divider jutting onto carriageway on market lane close to the primary school. Kindly resolve on urgent priority.,Traffic Hazard,12.958043,77.694123,Area F,2026-09-08 23:18:44,Open
PRM-1758,Continuous leak from broken roadside valve on bus route beside the public library. It is creating heavy mud and waterlogging.,Water Leakage,13.000964,77.565118,Area E,2026-09-08 23:47:53,In Progress
PRM-1003,Urgent repair needed: municipal supply pipeline leaking heavily opposite the community park. weakening road foundation.,Water Leakage,12.936706,77.625493,Area B,2026-09-08 23:51:02,Open
PRM-1768,"Severe underground drinking water line leakage adjacent to the bus stop, flooding the main thoroughfare. Action required before a major accident occurs.",Water Leakage,12.996852,77.562685,Area E,2026-09-09 01:10:08,In Progress
PRM-1225,High risk of collision: blind turn blocked by unauthorized parked trucks close to the primary school along main road. Please clear the road.,Traffic Hazard,13.02864,77.539263,Area H,2026-09-09 02:07:02,Resolved
PRM-1067,High risk of collision: fallen tree branches blocking lanes near the metro pillar along bus route. Please clear the road.,Traffic Hazard,12.9203,77.549882,Area G,2026-09-09 03:24:20,Open
PRM-1747,Continuous leak from overhead connection pipe on market lane opposite the community park. It is wasting thousands of liters of clean water.,Water Leakage,13.005404,77.565402,Area E,2026-09-09 03:30:52,Open
PRM-1773,"Severe overhead connection pipe leakage at the 3rd cross junction, weakening road foundation. Action required before a major accident occurs.",Water Leakage,13.004702,77.567416,Area E,2026-09-09 03:40:44,Open
PRM-1738,Water overflowing onto inner lane from damaged broken roadside valve adjacent to the bus stop. causing low pressure in neighborhood homes. Kindly resolve on urgent priority.,Water Leakage,12.995503,77.564421,Area E,2026-09-09 03:49:45,Open
PRM-1743,Continuous leak from damaged fire hydrant pipe on market lane at the 3rd cross junction. It is causing low pressure in neighborhood homes.,Water Leakage,13.002715,77.566997,Area E,2026-09-09 04:37:01,Open
PRM-1760,Water overflowing onto service lane from damaged damaged fire hydrant pipe adjacent to the bus stop. wasting thousands of liters of clean water. Residents have been suffering for days.,Water Leakage,13.00661,77.567024,Area E,2026-09-09 04:54:55,In Progress
PRM-1268,Faulty street lamp pole close to the primary school is dim and non-functional. Please fix immediately.,Streetlight,12.906725,77.64021,Area D,2026-09-09 05:22:45,Pending Verification
PRM-1765,"Severe underground drinking water line leakage close to the primary school, creating heavy mud and waterlogging. Request the municipal team to address this today.",Water Leakage,13.004913,77.564229,Area E,2026-09-09 06:23:57,Resolved
PRM-1780,Water overflowing onto inner lane from damaged municipal supply pipeline beside the public library. flooding the main thoroughfare. Please fix immediately.,Water Leakage,13.002037,77.569007,Area E,2026-09-09 06:26:49,In Progress
PRM-1772,Urgent repair needed: underground drinking water line leaking heavily adjacent to the bus stop. causing low pressure in neighborhood homes.,Water Leakage,13.004264,77.564248,Area E,2026-09-09 09:29:17,Open
PRM-1427,High risk of collision: defective non-functional traffic signal at the 3rd cross junction along arterial road. Please clear the road.,Traffic Hazard,12.922688,77.556556,Area G,2026-09-09 09:59:51,Pending Verification
PRM-1750,Urgent repair needed: underground drinking water line leaking heavily behind the grocery supermarket. wasting thousands of liters of clean water.,Water Leakage,13.001559,77.565682,Area E,2026-09-09 11:16:43,Open
PRM-1751,Continuous leak from overhead connection pipe on highway junction at the 3rd cross junction. It is creating heavy mud and waterlogging.,Water Leakage,13.005164,77.563175,Area E,2026-09-09 14:13:43,Open
PRM-1014,High risk of collision: hanging overhead cable across traffic close to the primary school along highway junction. Please clear the road.,Traffic Hazard,12.972746,77.603211,Area A,2026-09-09 14:15:17,In Progress
PRM-1469,Urgent repair needed: underground drinking water line leaking heavily adjacent to the bus stop. creating heavy mud and waterlogging.,Water Leakage,12.949447,77.70986,Area F,2026-09-09 14:46:56,Resolved
PRM-1199,Dark street safety concern: Streetlight adjacent to the bus stop is damaged pole after storm. making the street unsafe for women at night. Request the municipal team to address this today.,Streetlight,12.919487,77.557884,Area G,2026-09-09 15:32:47,Resolved
PRM-1761,Water overflowing onto arterial road from damaged overhead connection pipe opposite the community park. wasting thousands of liters of clean water. Kindly resolve on urgent priority.,Water Leakage,13.004329,77.563115,Area E,2026-09-09 15:56:07,Open
PRM-1512,Noticeable overflowing open dumpster left open on highway junction. blocking pedestrian footpath. Request the municipal team to address this today.,Garbage,12.931766,77.549453,Area G,2026-09-09 17:01:59,Resolved
PRM-1461,Dark street safety concern: Streetlight at the 3rd cross junction is broken bulb and hanging wires. unsafe for evening pedestrians. Action required before a major accident occurs.,Streetlight,12.971228,77.595994,Area A,2026-09-09 17:33:41,In Progress
PRM-1401,Continuous leak from municipal supply pipeline on bus route near the government clinic. It is causing low pressure in neighborhood homes.,Water Leakage,12.97137,77.596289,Area A,2026-09-09 19:53:19,Resolved
PRM-1634,Continuous leak from broken roadside valve on main road opposite the community park. It is flooding the main thoroughfare.,Water Leakage,12.956109,77.700705,Area F,2026-09-09 19:53:56,Open
PRM-1769,Urgent repair needed: municipal supply pipeline leaking heavily near the metro pillar. flooding the main thoroughfare.,Water Leakage,13.00359,77.566115,Area E,2026-09-09 20:30:46,In Progress
PRM-1164,High risk of collision: unmarked construction barrier behind the grocery supermarket along inner lane. Please clear the road.,Traffic Hazard,12.954645,77.704525,Area F,2026-09-09 21:51:46,Open
PRM-1007,Filthy wastewater flooding highway junction due to stagnant sewer runoff near the government clinic. inundating the entire lane.,Sewage,12.957095,77.705575,Area F,2026-09-09 23:09:16,Open
PRM-1739,Urgent repair needed: damaged fire hydrant pipe leaking heavily behind the grocery supermarket. wasting thousands of liters of clean water.,Water Leakage,13.004939,77.562412,Area E,2026-09-10 00:07:44,Pending Verification
PRM-1378,Deep crater formed on cross road beside the public library. heavy vehicle damage. Action required before a major accident occurs.,Pothole,12.918929,77.555418,Area G,2026-09-10 00:26:15,Open
PRM-1560,Commuter alert: fallen tree branches blocking lanes reported on bus route opposite the community park. Residents have been suffering for days.,Traffic Hazard,13.02749,77.535159,Area H,2026-09-10 00:36:40,Open
PRM-1763,Urgent repair needed: municipal supply pipeline leaking heavily near the metro pillar. wasting thousands of liters of clean water.,Water Leakage,13.002137,77.5627,Area E,2026-09-10 00:59:32,Open
PRM-1456,Clean drinking water wastage: broken roadside valve burst opposite the community park and is creating heavy mud and waterlogging. Request the municipal team to address this today.,Water Leakage,12.912486,77.643002,Area D,2026-09-10 01:03:32,In Progress
PRM-1759,"Severe municipal supply pipeline leakage opposite the community park, weakening road foundation. Please fix immediately.",Water Leakage,13.001553,77.558871,Area E,2026-09-10 01:13:24,Resolved
PRM-1762,Urgent repair needed: damaged fire hydrant pipe leaking heavily at the 3rd cross junction. causing low pressure in neighborhood homes.,Water Leakage,13.004058,77.561813,Area E,2026-09-10 01:22:31,Open
PRM-1295,"The streetlight near the metro pillar has been damaged pole after storm, making the street unsafe for women at night. Request the municipal team to address this today.",Streetlight,12.93727,77.631724,Area B,2026-09-10 01:27:41,Open
PRM-1009,Open blocked sewage drain near the government clinic is inundating the entire lane. Please deploy sewage suction vehicle immediately.,Sewage,12.970763,77.592813,Area A,2026-09-10 01:49:41,Open
PRM-1577,Urgent repair needed: underground drinking water line leaking heavily behind the grocery supermarket. causing low pressure in neighborhood homes.,Water Leakage,12.968791,77.596869,Area A,2026-09-10 02:47:14,Open
PRM-1017,Huge scattered plastic debris has piled up near the government clinic. It is posing health hazards to residents. Request the municipal team to address this today.,Garbage,12.981186,77.607543,Area C,2026-09-10 03:10:24,In Progress
PRM-1288,Dangerous road condition: cluster of sharp potholes observed behind the grocery supermarket along the inner lane. It is traffic slowdown during peak hours.,Pothole,12.971493,77.591907,Area A,2026-09-10 03:28:53,Open
PRM-1099,Deep crater formed on arterial road adjacent to the bus stop. causing two-wheelers to skid. Residents have been suffering for days.,Pothole,12.956785,77.699608,Area F,2026-09-10 03:39:38,Open
PRM-1377,Sanitary emergency with black toxic wastewater backup behind the grocery supermarket. inundating the entire lane. Kindly resolve on urgent priority.,Sewage,13.005426,77.55931,Area E,2026-09-10 03:52:01,In Progress
PRM-1232,"Manhole backing up: black toxic wastewater backup on service lane at the 3rd cross junction, entering ground floor residential compounds. Action required before a major accident occurs.",Sewage,12.986181,77.597347,Area C,2026-09-10 05:23:45,Pending Verification
PRM-1742,Urgent repair needed: overhead connection pipe leaking heavily opposite the community park. wasting thousands of liters of clean water.,Water Leakage,12.996208,77.566286,Area E,2026-09-10 06:27:02,Open
PRM-1523,A deep crater on arterial road at the 3rd cross junction is heavy vehicle damage. Residents have been suffering for days.,Pothole,12.912788,77.638627,Area D,2026-09-10 11:43:43,Open
PRM-1591,Urgent repair needed: overhead connection pipe leaking heavily close to the primary school. weakening road foundation.,Water Leakage,12.99126,77.596553,Area C,2026-09-10 17:05:50,Open
PRM-1595,"Illumination needed on service lane near the government clinic. Lamps are completely unlit for several days, making the street unsafe for women at night.",Streetlight,12.911944,77.646182,Area D,2026-09-10 18:32:32,Open
PRM-1503,Dangerous road condition: large cave-in observed opposite the community park along the highway junction. It is danger to school buses.,Pothole,12.929658,77.552594,Area G,2026-09-10 19:53:46,Pending Verification
PRM-1062,Dangerous road condition: large cave-in observed near the government clinic along the market lane. It is heavy vehicle damage.,Pothole,12.935294,77.563094,Area G,2026-09-10 21:07:41,Open
PRM-1031,Open blocked sewage drain near the government clinic is entering ground floor residential compounds. Please deploy sewage suction vehicle immediately.,Sewage,12.954931,77.699234,Area F,2026-09-10 21:42:26,Open
PRM-1315,"Manhole backing up: overflowing manhole on bus route beside the public library, inundating the entire lane. Action required before a major accident occurs.",Sewage,12.940093,77.627744,Area B,2026-09-10 22:00:57,Open
PRM-1424,Clean drinking water wastage: overhead connection pipe burst near the government clinic and is flooding the main thoroughfare. Kindly resolve on urgent priority.,Water Leakage,12.971307,77.589165,Area A,2026-09-11 01:42:28,Resolved
PRM-1316,Faulty street lamp pole near the government clinic is flickering constantly. Request the municipal team to address this today.,Streetlight,12.920632,77.562034,Area G,2026-09-11 02:36:06,Open
PRM-1258,Severe road obstruction: defective non-functional traffic signal on highway junction at the 3rd cross junction. Kindly resolve on urgent priority.,Traffic Hazard,13.002505,77.559443,Area E,2026-09-11 05:57:21,Resolved
PRM-1399,"Illumination needed on inner lane near the metro pillar. Lamps are dim and non-functional, severe visibility issues for drivers.",Streetlight,12.948865,77.702714,Area F,2026-09-11 13:33:19,Resolved
PRM-1022,Commuter alert: broken road divider jutting onto carriageway reported on service lane opposite the community park. Residents have been suffering for days.,Traffic Hazard,12.96909,77.590175,Area A,2026-09-11 15:56:08,Open
PRM-1350,Noticeable uncollected commercial garbage left open on bus route. blocking pedestrian footpath. Action required before a major accident occurs.,Garbage,13.020179,77.547443,Area H,2026-09-11 16:46:02,Open
PRM-1465,"Illumination needed on inner lane near the government clinic. Lamps are damaged pole after storm, pitch darkness increasing burglary risk.",Streetlight,13.029128,77.531246,Area H,2026-09-11 16:47:34,Resolved
PRM-1150,Traffic safety threat: defective non-functional traffic signal close to the primary school causing massive gridlock and safety hazard.,Traffic Hazard,13.001209,77.559189,Area E,2026-09-11 19:14:14,Pending Verification
PRM-1625,Continuous leak from damaged fire hydrant pipe on arterial road near the government clinic. It is creating heavy mud and waterlogging.,Water Leakage,12.934254,77.62511,Area B,2026-09-11 19:36:10,In Progress
PRM-1636,"The streetlight near the government clinic has been flickering constantly, pitch darkness increasing burglary risk. Residents have been suffering for days.",Streetlight,12.929718,77.632213,Area B,2026-09-11 21:42:54,Resolved
PRM-1243,Dark street safety concern: Streetlight beside the public library is dim and non-functional. pitch darkness increasing burglary risk. Please fix immediately.,Streetlight,12.930856,77.554893,Area G,2026-09-11 22:15:30,Open
PRM-1324,Urgent repair needed: municipal supply pipeline leaking heavily opposite the community park. weakening road foundation.,Water Leakage,12.910035,77.64297,Area D,2026-09-11 22:16:11,Open
PRM-1418,Faulty street lamp pole adjacent to the bus stop is damaged pole after storm. Request the municipal team to address this today.,Streetlight,13.032839,77.537077,Area H,2026-09-11 23:29:32,Open
PRM-1508,Public health concern: uncollected commercial garbage near the government clinic is posing health hazards to residents. Kindly arrange garbage truck.,Garbage,13.005371,77.572649,Area E,2026-09-11 23:56:51,Resolved
PRM-1163,High risk of collision: blind turn blocked by unauthorized parked trucks at the 3rd cross junction along highway junction. Please clear the road.,Traffic Hazard,12.935069,77.617799,Area B,2026-09-12 00:45:13,In Progress
PRM-1386,Urgent repair needed: municipal supply pipeline leaking heavily opposite the community park. flooding the main thoroughfare.,Water Leakage,13.029674,77.543791,Area H,2026-09-12 00:57:09,Resolved
PRM-1428,Motorists facing hazard due to dangerous surface depression on service lane. Residents have been suffering for days.,Pothole,12.960093,77.699844,Area F,2026-09-12 03:21:17,Resolved
PRM-1341,Noticeable construction and demolition debris left open on residential street. choking rainwater roadside gutters. Kindly resolve on urgent priority.,Garbage,12.975267,77.595423,Area A,2026-09-12 03:29:55,Open
PRM-1145,Dangerous road condition: massive pothole observed beside the public library along the main road. It is heavy vehicle damage.,Pothole,12.905845,77.643196,Area D,2026-09-12 04:11:26,Resolved
PRM-1293,Noticeable scattered plastic debris left open on residential street. choking rainwater roadside gutters. Residents have been suffering for days.,Garbage,12.970153,77.591392,Area A,2026-09-12 05:24:16,Resolved
PRM-1517,Huge rotten vegetable and food waste has piled up near the government clinic. It is posing health hazards to residents. Residents have been suffering for days.,Garbage,13.039347,77.53352,Area H,2026-09-12 05:38:45,Open
PRM-1053,Sanitary emergency with stagnant sewer runoff behind the grocery supermarket. inundating the entire lane. Residents have been suffering for days.,Sewage,12.975828,77.600555,Area A,2026-09-12 14:15:07,Pending Verification
PRM-1042,"The streetlight behind the grocery supermarket has been completely unlit for several days, pitch darkness increasing burglary risk. Kindly resolve on urgent priority.",Streetlight,12.971592,77.593292,Area A,2026-09-12 17:04:49,Open
PRM-1433,Faulty street lamp pole beside the public library is broken bulb and hanging wires. Kindly resolve on urgent priority.,Streetlight,12.924201,77.557422,Area G,2026-09-12 17:28:04,Open
PRM-1301,Continuous leak from municipal supply pipeline on service lane near the government clinic. It is flooding the main thoroughfare.,Water Leakage,12.936911,77.629488,Area B,2026-09-12 19:42:41,Open
PRM-1640,Commuter alert: fallen tree branches blocking lanes reported on service lane near the government clinic. Please fix immediately.,Traffic Hazard,12.920918,77.550426,Area G,2026-09-12 20:14:14,Open
PRM-1018,Commuter alert: blind turn blocked by unauthorized parked trucks reported on main road near the metro pillar. Residents have been suffering for days.,Traffic Hazard,13.02989,77.543673,Area H,2026-09-12 22:34:03,In Progress
PRM-1601,No lighting on service lane: Streetlights are dim and non-functional close to the primary school. unsafe for evening pedestrians.,Streetlight,12.908573,77.645164,Area D,2026-09-12 23:19:05,Open
PRM-1292,Huge overflowing open dumpster has piled up at the 3rd cross junction. It is choking rainwater roadside gutters. Request the municipal team to address this today.,Garbage,12.954374,77.703912,Area F,2026-09-12 23:30:35,Pending Verification
PRM-1533,"Illumination needed on inner lane beside the public library. Lamps are completely unlit for several days, pitch darkness increasing burglary risk.",Streetlight,13.025118,77.533371,Area H,2026-09-12 23:31:19,Open
PRM-1078,Noticeable uncollected commercial garbage left open on cross road. choking rainwater roadside gutters. Please fix immediately.,Garbage,12.982053,77.60748,Area C,2026-09-13 00:34:26,Open
PRM-1106,Traffic safety threat: unmarked construction barrier adjacent to the bus stop causing massive gridlock and safety hazard.,Traffic Hazard,13.028297,77.543843,Area H,2026-09-13 01:57:53,Resolved
PRM-1514,Faulty street lamp pole close to the primary school is flickering constantly. Request the municipal team to address this today.,Streetlight,12.93563,77.627161,Area B,2026-09-13 02:17:18,Pending Verification
PRM-1786,Traffic safety threat: unmarked construction barrier adjacent to the bus stop leading to massive gridlock and safety hazard.,Traffic Hazard,13.027813,77.544227,Area H,2026-09-13 02:21:53,Resolved
PRM-1372,Unattended scattered plastic debris at the 3rd cross junction. Not cleared for multiple days and is posing health hazards to residents. Please fix immediately.,Garbage,12.936219,77.625369,Area B,2026-09-13 04:55:53,In Progress
PRM-1234,Obstacle on roadway: unmarked construction barrier close to the primary school. Residents have been suffering for days.,Traffic Hazard,13.007802,77.569136,Area E,2026-09-13 05:25:54,Pending Verification
PRM-1144,Faulty street lamp pole behind the grocery supermarket is damaged pole after storm. Action required before a major accident occurs.,Streetlight,12.934289,77.622525,Area B,2026-09-13 06:10:26,In Progress
PRM-1375,Obstacle on roadway: broken road divider jutting onto carriageway opposite the community park. Kindly resolve on urgent priority.,Traffic Hazard,12.925362,77.560088,Area G,2026-09-13 15:20:31,In Progress
PRM-1615,Noticeable rotten vegetable and food waste left open on cross road. blocking pedestrian footpath. Please fix immediately.,Garbage,12.92318,77.561326,Area G,2026-09-13 15:34:50,Pending Verification
PRM-1224,Unattended pile of household waste near the government clinic. Not cleared for multiple days and is emitting intolerable foul odor. Please fix immediately.,Garbage,12.942714,77.625066,Area B,2026-09-13 15:52:25,Open
PRM-1219,"Severe drainage issue: stagnant sewer runoff beside the public library, spreading foul stench throughout the locality. Action required before a major accident occurs.",Sewage,12.903171,77.649522,Area D,2026-09-13 16:17:05,In Progress
PRM-1270,Dangerous road condition: large cave-in observed near the government clinic along the main road. It is heavy vehicle damage.,Pothole,13.000577,77.56102,Area E,2026-09-13 17:03:06,Open
PRM-1146,Deep crater formed on market lane close to the primary school. heavy vehicle damage. Residents have been suffering for days.,Pothole,13.001565,77.563711,Area E,2026-09-13 18:41:34,Open
PRM-1497,"Severe drainage issue: overflowing manhole at the 3rd cross junction, inundating the entire lane. Action required before a major accident occurs.",Sewage,12.91181,77.645814,Area D,2026-09-13 19:14:39,Open
PRM-1239,"Illumination needed on residential street near the government clinic. Lamps are flickering constantly, making the street unsafe for women at night.",Streetlight,12.988386,77.606184,Area C,2026-09-13 20:35:46,Open
PRM-1485,High risk of collision: defective non-functional traffic signal close to the primary school along inner lane. Please clear the road.,Traffic Hazard,13.028618,77.544944,Area H,2026-09-13 20:54:04,In Progress
PRM-1446,Filthy wastewater flooding residential street due to overflowing manhole near the metro pillar. entering ground floor residential compounds.,Sewage,12.929352,77.619083,Area B,2026-09-13 21:29:49,In Progress
PRM-1519,Dark street safety concern: Streetlight near the government clinic is dim and non-functional. severe visibility issues for drivers. Action required before a major accident occurs.,Streetlight,12.984773,77.60846,Area C,2026-09-13 21:53:17,In Progress
PRM-1159,Commuter alert: hanging overhead cable across traffic reported on main road close to the primary school. Request the municipal team to address this today.,Traffic Hazard,12.956672,77.709149,Area F,2026-09-13 22:26:19,In Progress
PRM-1798,Complaint reminder: Filthy wastewater flooding residential street due to overflowing manhole near the metro pillar. entering ground floor residential compounds.,Sewage,12.929262,77.618766,Area B,2026-09-13 22:54:49,In Progress
PRM-1286,A deep crater on residential street behind the grocery supermarket is heavy vehicle damage. Residents have been suffering for days.,Pothole,12.911353,77.651579,Area D,2026-09-14 00:09:53,Resolved
PRM-1575,Unattended uncollected commercial garbage adjacent to the bus stop. Not cleared for multiple days and is emitting intolerable foul odor. Please fix immediately.,Garbage,13.005451,77.570124,Area E,2026-09-14 00:34:39,Resolved
PRM-1787,Unattended uncollected commercial garbage adjacent to the bus stop. Not cleared for multiple days and is emitting intolerable foul odor. Kindly take swift action.,Garbage,13.006246,77.570092,Area E,2026-09-14 01:12:39,Resolved
PRM-1353,High risk of collision: unmarked construction barrier near the metro pillar along highway junction. Please clear the road.,Traffic Hazard,12.937248,77.626569,Area B,2026-09-14 01:48:22,Resolved
